duration,protocol,source_bytes,destination_bytes,packet_count,source_port,destination_port,failed_attempts,connection_count,request_rate,threat_category,is_anomaly
7.625,UDP,755,4978,27,42930,80,1,8,10.91,Normal,0
8.859,UDP,967,3712,19,19049,443,0,2,8.35,Normal,0
0.961,TCP,1028,3386,17,49290,80,0,1,11.99,Normal,0
1.905,TCP,1248,3726,18,59494,80,0,7,2.37,Normal,0
0.226,UDP,49,39,1,33070,21,1,146,127.93,Port Scan,1
2.078,TCP,1495,4757,23,16272,80,0,4,6.44,Normal,0
4.511,TCP,1337,1855,28,47950,8080,0,3,2.04,Normal,0
11.698,ICMP,16311,21208,147,39643,18232,1,94,232.31,Suspicious Traffic,1
0.458,TCP,108,35,1,30212,22,1,146,197.82,Port Scan,1
2.16,TCP,826,5676,18,46778,8080,0,5,7.15,Normal,0
5.753,TCP,1917,5371,27,11214,443,0,1,8.56,Normal,0
7.255,TCP,1481,5041,10,23084,80,0,7,2.48,Normal,0
0.716,TCP,1062,5626,21,7363,53,0,2,13.7,Normal,0
2.708,TCP,660,2971,26,40590,53,0,1,7.79,Normal,0
0.142,TCP,59,13,1,47571,443,1,50,113.48,Port Scan,1
3.079,UDP,1023,4373,37,64799,8080,0,1,10.53,Normal,0
1.585,TCP,894,4752,11,20238,53,0,2,12.24,Normal,0
10.349,TCP,1404,5315,25,47199,80,1,1,10.74,Normal,0
0.033,TCP,1085,51,413,15960,443,0,276,2851.31,DoS,1
1.923,UDP,1667,5809,27,6254,443,0,1,10.74,Normal,0
0.581,ICMP,515,4678,35,25936,53,0,5,3.64,Normal,0
3.113,UDP,1085,6097,33,55689,53,0,10,6.21,Normal,0
9.763,TCP,2493,3832,59,24308,80,1,59,49.95,Bot Activity,1
1.803,TCP,1737,3398,15,44945,53,0,8,8.6,Normal,0
2.629,TCP,1326,4588,34,45821,80,0,4,7.08,Normal,0
2.69,TCP,1050,5255,52,12240,443,0,4,11.76,Normal,0
13.131,TCP,1442,3976,31,25892,53,0,1,9.01,Normal,0
1.593,TCP,7708,25535,66,42968,45100,2,87,234.68,Suspicious Traffic,1
0.289,TCP,47,49,3,52433,3389,0,122,269.34,Port Scan,1
0.352,TCP,96,28,1,55427,80,4,120,249.57,Port Scan,1
3.126,UDP,1073,5638,17,16035,80,0,4,9.1,Normal,0
1.667,TCP,1474,2080,20,27315,53,0,8,2.78,Normal,0
3.774,TCP,907,4824,25,60868,53,0,3,8.57,Normal,0
3.337,ICMP,389,4779,18,33742,8080,0,7,7.15,Normal,0
0.164,ICMP,1401,5798,12,43154,8080,0,3,3.19,Normal,0
2.092,UDP,695,5876,46,10175,443,0,8,6.87,Normal,0
1.2,UDP,1377,5661,15,36347,53,0,4,7.88,Normal,0
0.575,TCP,1852,2354,20,29102,8080,0,5,6.24,Normal,0
1.849,UDP,807,5193,26,10090,8080,0,3,1.37,Normal,0
7.143,TCP,1834,2643,46,4112,80,0,1,14.18,Normal,0
8.223,UDP,1312,3565,22,11509,8080,0,3,12.83,Normal,0
4.311,TCP,1342,3460,33,26241,8080,0,5,11.29,Normal,0
0.41,TCP,388,325,15,31699,3389,21,63,30.22,Brute Force,1
2.272,UDP,586,5044,36,64665,80,0,7,4.34,Normal,0
2.011,TCP,582,3235,28,8532,53,0,4,10.47,Normal,0
1.798,TCP,1280,3292,10,23318,80,0,5,14.25,Normal,0
0.225,TCP,765,392,17,11390,445,30,46,91.02,Brute Force,1
0.411,TCP,1445,6536,20,1237,53,0,5,12.51,Normal,0
0.05,TCP,46,78,2,46635,443,1,191,296.5,Port Scan,1
0.514,TCP,341,333,12,58075,3389,31,34,46.42,Brute Force,1
0.832,TCP,1836,5207,31,56184,443,0,6,11.42,Normal,0
0.126,TCP,72,38,1,47674,1433,1,168,294.48,Port Scan,1
1.074,TCP,1537,2900,17,61219,80,0,2,14.94,Normal,0
0.198,TCP,98,73,3,33665,3389,0,103,76.69,Port Scan,1
0.565,TCP,659,3662,17,58612,53,0,1,4.64,Normal,0
0.182,TCP,1891,2261,18,16810,80,0,3,2.07,Normal,0
4.75,TCP,3534,7515,34,32874,80,2,39,49.01,Bot Activity,1
3.858,TCP,953,6654,27,65118,443,0,8,1.89,Normal,0
0.459,TCP,1287,3773,41,32173,443,0,5,13.78,Normal,0
3.338,UDP,659,3544,18,58200,8080,0,2,4.85,Normal,0
5.364,UDP,1199,3860,37,61902,443,0,4,5.31,Normal,0
1.165,TCP,344,337,13,27173,3389,19,45,82.77,Brute Force,1
4.187,UDP,1281,4574,41,29736,8080,0,8,8.77,Normal,0
3.34,TCP,1546,4344,27,15750,80,0,1,10.77,Normal,0
0.605,TCP,721,330,6,39580,21,9,78,59.41,Brute Force,1
2.609,TCP,1346,3090,19,39589,443,1,1,13.56,Normal,0
2.853,TCP,987,3310,23,47414,80,0,1,3.89,Normal,0
1.85,TCP,920,4820,23,60362,80,0,4,12.29,Normal,0
0.1,UDP,56,29,2,37798,53,1,114,236.87,Port Scan,1
0.827,UDP,1211,5952,15,44867,8080,0,5,7.26,Normal,0
0.794,TCP,1125,4428,14,9696,8080,0,3,5.58,Normal,0
5.63,TCP,1622,5480,16,32021,8080,0,4,8.52,Normal,0
3.521,TCP,1044,3497,38,7377,8080,0,1,8.99,Normal,0
10.865,TCP,1055,4142,20,27966,8080,0,3,3.25,Normal,0
0.939,TCP,198,5526,28,4575,80,0,4,13.12,Normal,0
0.384,TCP,385,300,17,48749,3389,19,52,58.13,Brute Force,1
0.021,ICMP,1084,12,762,53492,80,0,623,2268.08,DoS,1
0.196,TCP,553,379,9,17320,21,7,23,46.93,Brute Force,1
0.264,ICMP,1602,3634,33,13490,8080,0,1,11.64,Normal,0
1.695,TCP,1430,4195,28,13050,53,0,3,14.14,Normal,0
0.272,UDP,1667,4881,28,58335,80,0,3,3.82,Normal,0
0.549,UDP,1315,7613,33,57474,80,0,4,6.49,Normal,0
0.583,TCP,488,238,9,36452,22,27,46,66.2,Brute Force,1
1.342,TCP,284,6648,37,64529,80,0,2,10.71,Normal,0
5.372,TCP,1391,6874,34,56645,443,0,7,3.0,Normal,0
3.23,TCP,1037,4890,2,32851,8080,0,7,7.4,Normal,0
1.844,TCP,170,3921,38,27307,80,0,10,11.03,Normal,0
4.483,ICMP,728,3479,8,1166,8080,0,3,9.61,Normal,0
0.015,TCP,431,46,633,52409,443,0,281,2796.88,DoS,1
0.125,TCP,625,331,10,19719,445,13,45,78.92,Brute Force,1
9.33,TCP,3077,2679,89,46676,8080,2,20,113.27,Bot Activity,1
0.052,UDP,636,3,401,52363,53,0,842,511.58,DoS,1
1.369,TCP,1108,5442,37,44401,8080,0,2,7.33,Normal,0
1.606,TCP,1197,2521,33,20470,443,0,4,6.07,Normal,0
2.601,TCP,793,5275,17,38982,80,0,4,14.96,Normal,0
2.362,TCP,886,5511,23,4771,80,0,5,3.67,Normal,0
1.697,TCP,1755,510,4,33979,443,0,1,8.83,Normal,0
0.602,UDP,1140,5291,33,34306,80,0,1,6.72,Normal,0
0.524,UDP,1164,4544,17,5515,80,0,2,10.41,Normal,0
0.375,UDP,1400,2920,21,16439,8080,0,4,4.4,Normal,0
0.429,TCP,106,31,3,38067,80,0,86,274.08,Port Scan,1
0.323,TCP,532,7147,12,41616,80,0,2,6.32,Normal,0
0.88,TCP,1698,1245,7,39276,53,0,3,14.28,Normal,0
0.254,TCP,734,246,16,14411,3389,21,49,61.0,Brute Force,1
0.352,TCP,72,17,2,42969,22,1,184,222.81,Port Scan,1
0.413,TCP,82,65,2,39830,445,0,104,174.37,Port Scan,1
0.062,TCP,51,21,1,54637,443,1,141,173.57,Port Scan,1
4.652,TCP,1032,6682,28,1635,8080,0,4,3.58,Normal,0
3.785,TCP,1109,6311,27,37921,80,0,6,9.55,Normal,0
4.57,TCP,4839,2810,59,14994,8080,0,39,48.77,Bot Activity,1
0.085,ICMP,286,39,526,18405,80,0,475,1378.85,DoS,1
3.151,TCP,881,4386,21,62187,53,0,3,12.3,Normal,0
8.11,TCP,3916,5127,35,58648,80,2,49,89.31,Bot Activity,1
0.897,TCP,618,394,16,25242,3389,16,33,99.01,Brute Force,1
1.355,TCP,3969,7551,40,11363,443,1,56,37.89,Bot Activity,1
0.156,TCP,113,77,3,53053,53,2,91,257.23,Port Scan,1
2.368,TCP,783,6416,22,41111,80,0,5,5.41,Normal,0
4.01,TCP,1547,4924,11,37371,53,0,6,1.34,Normal,0
0.003,UDP,823,60,818,7813,80,0,998,1376.78,DoS,1
0.542,TCP,539,288,16,18357,22,19,43,27.34,Brute Force,1
1.948,UDP,1196,4297,32,59333,80,0,3,11.02,Normal,0
0.912,UDP,818,4087,30,11212,53,0,1,14.75,Normal,0
0.06,ICMP,1484,47,158,14828,53,0,521,2594.56,DoS,1
4.539,TCP,1148,3748,29,23496,443,0,6,9.82,Normal,0
1.926,TCP,520,4766,6,56921,53,0,14,14.95,Normal,0
0.047,UDP,1137,2,905,17482,80,0,888,1643.58,DoS,1
0.897,TCP,1172,4218,26,7073,8080,0,5,4.94,Normal,0
0.113,TCP,1218,3553,34,3914,80,0,5,9.0,Normal,0
0.276,UDP,109,58,2,38583,22,1,65,90.1,Port Scan,1
0.782,UDP,1327,3555,26,49602,8080,0,4,14.46,Normal,0
5.381,TCP,983,5458,40,29053,80,0,6,4.62,Normal,0
0.32,TCP,803,4731,22,62959,443,0,5,4.97,Normal,0
1.515,UDP,725,3901,32,55721,53,0,7,3.43,Normal,0
1.142,TCP,383,331,14,10730,445,26,40,69.67,Brute Force,1
5.23,ICMP,1346,3711,23,9377,80,0,1,11.79,Normal,0
0.228,TCP,61,79,2,56087,80,1,167,223.42,Port Scan,1
0.315,TCP,687,5808,31,59936,53,0,4,6.88,Normal,0
1.367,TCP,1181,4865,22,17378,80,0,6,3.98,Normal,0
2.736,TCP,1167,6175,28,37717,8080,0,6,11.79,Normal,0
0.076,UDP,252,2,928,50142,80,0,693,2491.34,DoS,1
0.412,TCP,929,7201,24,61695,443,0,1,1.9,Normal,0
0.883,UDP,1021,1665,20,65001,443,0,1,9.4,Normal,0
3.068,UDP,813,4428,24,2649,443,0,1,9.65,Normal,0
0.284,TCP,40,26,2,43491,21,0,96,58.3,Port Scan,1
1.364,TCP,1919,5461,19,18510,443,0,6,3.34,Normal,0
2.629,UDP,1223,3529,31,8109,8080,0,6,11.0,Normal,0
0.473,TCP,707,124,16,57293,445,8,55,82.71,Brute Force,1
0.204,TCP,1874,3809,42,15602,443,0,8,7.71,Normal,0
1.098,TCP,1428,5062,19,31191,53,0,4,3.26,Normal,0
2.748,TCP,1004,9141,23,53148,443,0,2,4.09,Normal,0
0.669,UDP,1652,4087,38,44280,443,0,7,11.75,Normal,0
2.059,TCP,1036,4614,40,19283,80,0,1,9.37,Normal,0
0.821,TCP,796,185,10,19317,3389,7,57,70.52,Brute Force,1
0.074,TCP,97,72,1,43096,1433,0,195,95.24,Port Scan,1
0.05,TCP,1314,28,563,22727,80,0,487,1982.38,DoS,1
1.34,ICMP,1522,2631,36,8584,53,0,2,2.83,Normal,0
5.084,TCP,2326,2440,40,64105,443,1,30,105.46,Bot Activity,1
0.815,TCP,864,5280,33,3532,80,0,8,7.64,Normal,0
0.081,UDP,1310,13,200,23679,53,0,415,642.72,DoS,1
6.996,TCP,1147,2947,23,52564,53,0,6,8.1,Normal,0
0.501,ICMP,1255,5178,23,65527,80,0,8,8.22,Normal,0
2.848,TCP,824,5466,27,38812,443,0,3,7.21,Normal,0
0.019,UDP,1267,60,714,47475,443,0,597,2044.62,DoS,1
0.057,TCP,1400,44,708,1135,53,0,372,2147.21,DoS,1
2.733,TCP,1602,4121,28,61683,443,0,9,11.34,Normal,0
0.041,TCP,1022,51,786,5610,53,0,838,1588.96,DoS,1
0.232,TCP,572,101,9,61368,3389,16,56,65.08,Brute Force,1
2.088,TCP,339,7152,25,41864,53,0,4,3.36,Normal,0
3.661,TCP,1448,4587,25,9192,53,0,1,4.44,Normal,0
1.354,TCP,1541,5969,38,44730,8080,0,5,7.03,Normal,0
0.008,ICMP,1004,24,277,46717,443,0,583,986.4,DoS,1
2.502,TCP,1408,4810,49,37358,443,0,7,2.25,Normal,0
0.206,TCP,118,65,2,42423,22,0,177,249.95,Port Scan,1
0.975,UDP,870,4274,20,41363,53,0,8,8.37,Normal,0
0.106,TCP,2218,5119,30,55664,80,0,8,3.45,Normal,0
6.008,UDP,552,5062,35,14799,8080,0,2,12.92,Normal,0
0.407,TCP,101,11,2,40559,445,0,77,267.31,Port Scan,1
2.016,TCP,774,3389,30,29977,8080,0,1,4.6,Normal,0
0.251,TCP,1466,2175,18,34525,8080,0,10,7.24,Normal,0
0.018,TCP,67,65,2,54115,22,0,184,243.16,Port Scan,1
2.691,TCP,525,2620,36,44203,80,0,1,7.19,Normal,0
0.067,TCP,983,17,633,44531,53,0,744,1077.07,DoS,1
0.628,TCP,600,2505,24,41608,53,0,5,5.67,Normal,0
0.332,ICMP,1724,5541,21,63415,443,0,1,6.92,Normal,0
0.101,TCP,450,394,11,15747,21,34,34,51.95,Brute Force,1
12.327,UDP,1685,4712,48,10681,80,1,6,2.25,Normal,0
0.24,TCP,713,334,14,65508,445,18,27,38.19,Brute Force,1
1.299,TCP,1224,2083,19,41085,80,0,7,14.19,Normal,0
0.017,UDP,889,36,451,59098,53,0,600,1492.95,DoS,1
2.572,TCP,1909,4890,21,38752,443,0,3,12.46,Normal,0
0.158,TCP,1484,4680,17,26189,8080,0,12,5.39,Normal,0
0.475,UDP,993,5897,17,10696,80,0,6,7.7,Normal,0
0.762,TCP,1035,4952,31,57414,80,0,5,13.27,Normal,0
4.867,TCP,1219,4153,11,15366,443,0,1,8.9,Normal,0
0.695,TCP,1458,6561,19,46632,8080,0,1,3.39,Normal,0
3.916,TCP,1419,3116,40,17356,80,0,9,4.2,Normal,0
0.724,TCP,1580,5137,33,53546,8080,0,7,6.67,Normal,0
0.184,TCP,82,38,1,49511,3389,2,61,154.65,Port Scan,1
0.74,TCP,640,156,13,63286,445,17,20,39.3,Brute Force,1
12.122,TCP,862,11148,56,41175,53413,5,128,33.54,Suspicious Traffic,1
0.506,TCP,1130,7067,11,48163,8080,0,1,7.43,Normal,0
1.081,TCP,777,336,9,36930,445,5,68,26.11,Brute Force,1
6.76,TCP,1435,5263,1,59824,443,0,4,7.3,Normal,0
5.604,TCP,1187,4888,32,32133,8080,0,8,12.23,Normal,0
0.191,TCP,892,1092,14,17228,53,0,1,8.69,Normal,0
0.008,TCP,182,32,909,35188,443,0,825,1069.61,DoS,1
10.177,ICMP,2436,18454,156,42099,15680,9,144,124.78,Suspicious Traffic,1
0.033,TCP,745,7,537,19021,443,0,936,1801.92,DoS,1
0.526,TCP,1291,3137,22,6102,53,0,2,8.7,Normal,0
0.547,TCP,1284,5268,21,23035,53,0,4,14.89,Normal,0
0.165,UDP,110,20,2,34942,21,1,196,237.05,Port Scan,1
0.598,TCP,1649,3300,27,26127,443,0,1,11.19,Normal,0
2.99,TCP,1194,5304,20,5234,8080,0,2,6.79,Normal,0
0.918,TCP,605,131,7,36585,445,34,72,70.9,Brute Force,1
0.276,TCP,530,102,8,28273,22,9,72,42.23,Brute Force,1
5.397,TCP,1639,3212,29,14580,8080,0,8,10.63,Normal,0
2.034,TCP,1292,4854,33,51474,80,0,7,10.5,Normal,0
1.026,TCP,535,250,7,51199,445,19,46,77.77,Brute Force,1
0.06,TCP,656,44,102,32284,80,0,695,1388.73,DoS,1
0.202,TCP,594,244,13,62808,3389,28,26,38.04,Brute Force,1
0.036,TCP,78,47,2,42779,8080,0,91,209.12,Port Scan,1
3.072,UDP,1232,6459,15,36297,443,0,4,11.3,Normal,0
1.261,TCP,1447,5547,15,18912,8080,0,8,3.43,Normal,0
1.814,TCP,1540,5813,28,26509,53,0,5,3.31,Normal,0
0.297,TCP,86,55,3,53729,22,1,176,106.39,Port Scan,1
1.649,TCP,1477,4345,34,56108,8080,0,9,1.7,Normal,0
0.091,UDP,74,3,302,65297,53,0,305,1497.09,DoS,1
0.048,TCP,470,2,132,36029,80,0,420,1189.03,DoS,1
1.172,TCP,485,228,16,60461,445,10,23,59.01,Brute Force,1
0.262,UDP,1240,2803,7,39815,80,0,1,13.6,Normal,0
2.825,ICMP,1480,4645,23,29114,443,0,3,4.64,Normal,0
0.491,TCP,60,52,1,38524,8080,1,195,202.13,Port Scan,1
0.403,TCP,906,3284,27,22478,443,0,8,8.33,Normal,0
5.018,UDP,1270,3949,16,23143,8080,0,5,7.42,Normal,0
0.553,UDP,1374,5855,1,63363,8080,0,1,10.11,Normal,0
0.261,TCP,1126,6562,18,6392,8080,1,2,3.31,Normal,0
3.634,TCP,1329,4121,22,36376,80,0,1,14.79,Normal,0
0.13,TCP,332,239,16,23960,21,5,43,83.87,Brute Force,1
1.602,TCP,1149,3184,19,43632,80,0,3,2.32,Normal,0
3.642,TCP,1619,2429,1,43738,80,0,8,8.81,Normal,0
2.476,TCP,2217,4774,24,63258,443,0,4,11.26,Normal,0
0.444,TCP,699,390,16,2360,21,13,68,60.42,Brute Force,1
4.76,TCP,4944,6007,68,16658,80,0,54,71.34,Bot Activity,1
0.132,TCP,1917,4835,16,32060,80,0,6,13.01,Normal,0
0.695,TCP,655,194,11,15309,445,19,59,45.12,Brute Force,1
4.377,UDP,550,4742,19,46865,53,0,9,13.68,Normal,0
0.104,TCP,89,34,2,49898,443,3,44,234.82,Port Scan,1
1.046,TCP,830,5255,33,51998,443,0,3,4.02,Normal,0
0.277,UDP,1783,3726,23,8109,80,0,5,12.3,Normal,0
5.828,TCP,1048,2791,11,38760,8080,0,3,6.34,Normal,0
1.431,UDP,1048,4475,20,47884,443,0,4,14.53,Normal,0
3.175,ICMP,1416,5827,35,46285,443,0,11,9.8,Normal,0
2.62,TCP,1047,4076,23,51650,53,0,4,1.65,Normal,0
0.935,UDP,1462,6791,21,40373,80,0,7,5.77,Normal,0
9.58,TCP,16764,8565,88,38113,51291,2,90,168.12,Suspicious Traffic,1
0.722,TCP,1272,7063,13,3716,53,0,4,5.77,Normal,0
0.568,UDP,1772,4092,39,44378,53,0,8,2.84,Normal,0
3.963,ICMP,841,3103,28,43462,53,1,4,4.77,Normal,0
5.652,TCP,1242,3795,23,28553,8080,0,5,7.57,Normal,0
1.701,TCP,193,2325,49,63991,53,0,2,8.52,Normal,0
0.006,UDP,1275,18,516,55335,443,0,550,1046.27,DoS,1
0.214,TCP,967,5780,26,47379,443,0,8,13.32,Normal,0
0.175,TCP,1174,3614,39,49115,53,0,2,13.35,Normal,0
0.137,TCP,93,23,3,55383,445,3,154,257.4,Port Scan,1
5.231,TCP,1630,5388,18,31490,8080,0,5,9.35,Normal,0
5.865,TCP,1653,3281,42,39853,53,0,1,10.05,Normal,0
0.06,UDP,263,7,238,17113,80,0,337,2094.69,DoS,1
0.27,TCP,106,79,3,44771,21,2,53,149.84,Port Scan,1
0.081,TCP,734,52,160,50208,443,0,509,2629.6,DoS,1
0.302,TCP,1304,6076,19,38370,8080,0,1,7.3,Normal,0
3.661,TCP,1091,4387,30,33419,53,0,1,8.16,Normal,0
2.694,TCP,1291,1326,37,14926,53,0,3,9.34,Normal,0
4.796,TCP,1308,6237,15,23329,53,0,5,3.34,Normal,0
3.813,ICMP,10642,4082,24,46977,57679,6,139,109.4,Suspicious Traffic,1
1.039,TCP,761,4446,20,19130,80,0,8,6.25,Normal,0
1.568,ICMP,855,4642,14,13546,80,0,5,1.43,Normal,0
11.716,TCP,3091,16615,110,27660,32020,6,44,211.25,Suspicious Traffic,1
4.483,UDP,1212,2516,13,37409,443,0,7,12.63,Normal,0
0.552,TCP,991,5347,32,43354,8080,0,7,5.21,Normal,0
4.032,TCP,922,5182,29,2155,80,0,7,13.7,Normal,0
2.347,TCP,962,1353,18,27527,443,0,5,10.53,Normal,0
0.188,ICMP,1207,5480,27,39137,53,0,3,7.89,Normal,0
1.79,TCP,474,7404,32,35819,53,0,5,6.07,Normal,0
0.448,TCP,76,35,2,40839,3389,2,199,64.87,Port Scan,1
2.656,TCP,887,2880,33,47087,8080,0,7,14.01,Normal,0
5.24,TCP,1770,6462,19,17500,443,0,8,11.26,Normal,0
4.042,ICMP,1150,3965,18,13646,53,0,5,1.08,Normal,0
8.397,TCP,4332,7306,72,36143,8080,0,32,96.47,Bot Activity,1
3.007,TCP,1388,1716,35,13158,443,0,10,10.77,Normal,0
0.366,UDP,913,5004,20,32757,53,0,6,7.7,Normal,0
3.196,TCP,1370,3991,9,65027,53,0,2,3.13,Normal,0
0.156,TCP,1268,6303,20,55592,443,0,1,11.63,Normal,0
3.281,UDP,1720,4220,45,24675,443,0,7,8.37,Normal,0
0.769,TCP,1409,1892,18,47425,443,0,9,3.22,Normal,0
0.083,UDP,453,25,192,64876,80,0,351,2457.54,DoS,1
0.301,TCP,111,46,2,52852,22,0,190,70.68,Port Scan,1
8.44,TCP,1954,5389,81,42828,443,1,55,115.15,Bot Activity,1
1.284,UDP,900,5012,25,7748,80,0,3,14.02,Normal,0
0.068,TCP,429,56,264,31787,443,0,422,824.0,DoS,1
0.473,TCP,61,38,2,36041,80,1,119,146.28,Port Scan,1
0.048,TCP,975,49,102,17571,443,0,887,965.06,DoS,1
1.444,UDP,1573,4011,33,8501,80,0,8,12.15,Normal,0
0.14,TCP,497,379,7,5880,22,7,38,71.59,Brute Force,1
3.222,TCP,1068,5404,19,10968,443,0,4,2.56,Normal,0
0.879,UDP,1108,3008,1,63226,53,0,4,8.43,Normal,0
0.125,TCP,1208,5320,13,17290,80,0,8,11.84,Normal,0
0.673,TCP,788,137,6,28299,21,31,42,49.42,Brute Force,1
1.53,TCP,1697,3264,31,51860,8080,0,1,8.99,Normal,0
2.819,TCP,1342,5652,37,30039,53,0,5,9.49,Normal,0
0.68,TCP,1319,5349,26,29128,53,0,6,7.63,Normal,0
2.884,TCP,2050,5149,33,4972,80,0,10,11.88,Normal,0
3.333,TCP,745,3090,25,14642,443,0,6,13.69,Normal,0
2.674,UDP,1139,5124,28,6345,443,0,10,1.85,Normal,0
0.348,TCP,114,39,1,35129,80,0,106,125.48,Port Scan,1
0.49,TCP,774,388,13,27797,445,34,68,56.77,Brute Force,1
1.518,TCP,1119,2651,29,46203,8080,0,6,4.39,Normal,0
2.772,TCP,4830,7968,72,16195,443,3,40,57.06,Bot Activity,1
2.351,TCP,1265,4562,30,47356,53,0,3,13.71,Normal,0
9.641,TCP,3325,7863,75,30780,80,0,36,96.06,Bot Activity,1
2.658,TCP,1292,2695,24,46073,443,0,9,1.17,Normal,0
1.204,UDP,1451,2595,18,52656,443,0,1,12.87,Normal,0
0.057,TCP,74,2,2,51221,22,1,86,149.46,Port Scan,1
0.099,TCP,1156,23,453,60558,443,0,803,2796.07,DoS,1
6.194,TCP,2749,6725,45,55199,80,1,31,90.81,Bot Activity,1
0.632,UDP,1205,3069,20,5704,80,0,7,14.31,Normal,0
1.534,TCP,1846,4656,16,21184,53,0,1,13.52,Normal,0
9.033,TCP,2968,6682,58,31741,8080,1,24,85.25,Bot Activity,1
1.107,UDP,158,4798,29,20953,8080,0,6,5.65,Normal,0
0.388,TCP,92,12,3,46180,445,1,108,59.39,Port Scan,1
3.726,TCP,1476,662,17,6296,80,0,1,5.26,Normal,0
0.104,UDP,1686,5730,22,49163,53,0,8,5.24,Normal,0
3.217,UDP,1015,2796,39,2720,80,0,1,10.25,Normal,0
2.066,UDP,1392,3645,30,45215,80,0,5,1.59,Normal,0
2.4,TCP,1588,5705,25,45083,53,0,2,8.12,Normal,0
6.855,UDP,1632,5993,33,51036,443,0,4,10.72,Normal,0
0.432,TCP,61,64,1,39114,22,0,93,294.63,Port Scan,1
0.07,UDP,871,60,546,39385,443,0,504,907.59,DoS,1
0.908,TCP,492,107,16,42626,445,12,67,69.27,Brute Force,1
0.011,UDP,783,45,580,64533,80,0,632,1573.99,DoS,1
1.746,TCP,1274,4844,35,31827,53,0,9,5.43,Normal,0
0.652,TCP,335,193,17,22065,22,22,69,92.49,Brute Force,1
2.902,TCP,489,5112,14,57237,443,0,1,9.7,Normal,0
3.398,TCP,985,1938,13,46485,8080,0,8,1.79,Normal,0
7.326,TCP,1646,6672,21,62969,8080,0,1,11.51,Normal,0
0.914,TCP,1337,4427,25,37076,80,0,2,3.51,Normal,0
2.143,UDP,11114,5702,118,21637,16542,1,58,105.43,Suspicious Traffic,1
0.675,TCP,831,2994,27,22211,80,0,5,9.45,Normal,0
0.296,ICMP,981,4092,41,27513,80,0,9,10.08,Normal,0
0.138,ICMP,1524,2777,33,36584,8080,0,9,5.38,Normal,0
2.376,UDP,1420,5010,28,13318,53,0,1,10.82,Normal,0
0.21,TCP,41,46,1,44484,80,2,174,97.14,Port Scan,1
0.489,TCP,48,0,2,47996,22,0,159,278.64,Port Scan,1
0.848,TCP,1899,6572,12,61820,53,0,7,11.0,Normal,0
0.656,UDP,886,3464,15,46785,8080,0,2,1.88,Normal,0
3.399,TCP,967,4859,29,64801,443,0,6,14.06,Normal,0
0.659,TCP,1547,5830,17,21390,80,0,5,6.2,Normal,0
0.059,UDP,450,23,905,7133,80,0,733,2468.47,DoS,1
2.587,TCP,957,7079,44,56167,80,0,2,14.11,Normal,0
4.454,TCP,1045,4431,25,8723,443,0,1,1.79,Normal,0
6.647,TCP,1002,6665,12,47988,53,0,7,3.23,Normal,0
0.283,TCP,1516,5010,30,18944,8080,0,7,2.55,Normal,0
1.027,TCP,2379,6367,11,65266,8080,0,1,12.6,Normal,0
0.439,TCP,756,385,9,37152,21,14,42,41.72,Brute Force,1
1.059,UDP,1323,1265,27,26163,443,0,5,5.83,Normal,0
1.438,TCP,1053,1745,40,34333,443,0,3,6.39,Normal,0
1.504,UDP,1239,6181,18,19129,8080,0,7,8.58,Normal,0
1.437,UDP,1647,7250,22,52648,53,0,3,5.35,Normal,0
0.798,TCP,1679,3315,27,19561,53,0,5,6.81,Normal,0
1.059,TCP,639,223,15,39030,445,33,50,52.96,Brute Force,1
0.064,UDP,229,38,205,57730,80,0,469,857.1,DoS,1
0.111,TCP,71,71,1,45870,3389,1,42,248.19,Port Scan,1
1.707,TCP,1785,5995,27,22811,8080,0,10,12.71,Normal,0
1.028,TCP,542,200,15,22113,21,18,50,85.65,Brute Force,1
1.756,TCP,1903,2889,11,65301,443,0,4,11.4,Normal,0
0.055,ICMP,710,32,990,16331,443,0,385,2856.36,DoS,1
1.578,TCP,1481,6734,16,3885,53,0,9,6.17,Normal,0
1.177,UDP,1644,3893,21,47242,8080,0,8,9.85,Normal,0
0.374,TCP,535,7229,37,44520,443,0,13,5.9,Normal,0
0.382,UDP,41,16,3,46459,3389,1,95,147.69,Port Scan,1
0.847,TCP,1787,3963,26,58021,80,0,8,11.62,Normal,0
1.44,UDP,1747,1859,28,29880,80,0,1,13.06,Normal,0
0.073,UDP,865,37,220,30970,80,0,555,1626.94,DoS,1
4.88,TCP,3422,5199,68,48371,80,1,25,79.94,Bot Activity,1
0.609,TCP,439,296,15,27893,21,14,59,85.2,Brute Force,1
0.937,TCP,393,126,14,5928,445,16,29,37.38,Brute Force,1
0.866,TCP,1592,5033,21,52243,53,0,9,3.81,Normal,0
3.432,TCP,932,4912,32,46422,8080,0,6,10.9,Normal,0
8.44,TCP,4660,7601,78,56846,443,1,15,74.6,Bot Activity,1
1.006,TCP,1081,6149,14,56884,8080,0,8,2.86,Normal,0
0.113,UDP,499,2208,18,42102,8080,0,4,9.94,Normal,0
0.341,UDP,51,46,2,32242,21,1,99,204.63,Port Scan,1
1.684,TCP,1656,4472,32,42388,53,0,4,8.06,Normal,0
8.495,TCP,2768,7181,36,49965,80,2,43,39.62,Bot Activity,1
9.248,TCP,1843,5032,21,29465,80,0,8,3.86,Normal,0
2.267,TCP,1128,2597,44,47155,80,0,3,13.74,Normal,0
7.773,UDP,1673,4949,18,46507,53,0,5,11.37,Normal,0
2.354,UDP,1282,5607,33,4039,53,0,1,9.35,Normal,0
9.444,TCP,1685,3744,18,20251,53,0,3,10.68,Normal,0
2.512,UDP,1022,4994,16,10565,443,0,1,6.54,Normal,0
0.447,TCP,64,44,3,55969,22,1,115,63.81,Port Scan,1
1.673,TCP,3034,5179,89,12165,80,0,20,35.74,Bot Activity,1
0.681,TCP,1020,6135,11,6200,8080,0,1,14.66,Normal,0
5.813,UDP,1004,4082,30,16808,8080,0,7,9.64,Normal,0
1.728,UDP,768,2810,23,10404,443,0,8,14.78,Normal,0
3.24,TCP,741,3743,31,17669,8080,0,1,14.88,Normal,0
0.108,UDP,43,10,2,56366,445,2,123,167.72,Port Scan,1
0.284,TCP,94,52,1,52203,1433,1,151,154.04,Port Scan,1
5.94,UDP,1217,6517,25,11378,80,0,10,13.17,Normal,0
8.886,UDP,848,5942,27,23671,53,0,4,7.87,Normal,0
5.938,TCP,1824,7552,37,28832,53,0,3,4.54,Normal,0
9.046,TCP,2681,6376,64,20824,80,0,59,37.15,Bot Activity,1
1.935,TCP,1797,5291,38,26236,8080,0,9,1.75,Normal,0
0.76,TCP,647,4874,15,26018,53,0,2,14.28,Normal,0
6.489,TCP,4735,6714,65,46852,443,0,49,94.71,Bot Activity,1
3.672,TCP,1343,4753,39,2462,8080,0,2,7.66,Normal,0
0.384,TCP,43,51,1,52472,80,1,163,80.85,Port Scan,1
0.916,UDP,1459,5636,18,60703,8080,0,1,7.52,Normal,0
1.106,TCP,394,376,14,60199,3389,15,68,51.37,Brute Force,1
0.238,TCP,686,171,14,51863,21,25,70,94.19,Brute Force,1
1.057,UDP,866,4291,18,40809,53,0,1,5.1,Normal,0
0.97,TCP,1683,7054,14,13485,53,0,6,5.14,Normal,0
2.388,TCP,1470,4132,19,48271,443,0,1,10.49,Normal,0
1.165,TCP,934,5822,20,60230,80,0,2,12.89,Normal,0
12.078,TCP,644,4174,20,29914,80,0,3,10.94,Normal,0
1.144,TCP,1305,5587,17,49020,443,0,3,5.12,Normal,0
7.198,UDP,1642,4328,33,20365,53,0,2,12.99,Normal,0
3.642,TCP,948,4017,41,12535,443,0,3,14.16,Normal,0
5.072,UDP,1177,2546,28,36375,53,0,2,14.3,Normal,0
3.41,TCP,477,6560,20,60891,53,0,4,4.05,Normal,0
2.277,TCP,1226,6115,17,17865,8080,0,9,8.85,Normal,0
1.745,TCP,2388,6679,35,20367,8080,0,31,42.83,Bot Activity,1
0.741,UDP,1478,5983,34,58067,53,0,5,4.12,Normal,0
0.079,UDP,869,15,481,31717,80,0,834,579.45,DoS,1
0.364,TCP,372,134,6,10249,21,5,47,38.12,Brute Force,1
0.829,TCP,1633,3793,24,57395,8080,0,8,5.91,Normal,0
4.196,TCP,592,251,20,53754,53,0,6,6.33,Normal,0
1.006,TCP,492,237,9,26883,22,7,21,74.34,Brute Force,1
1.465,TCP,1129,5112,32,18356,80,0,1,9.67,Normal,0
6.681,UDP,911,3356,40,45119,53,0,5,1.62,Normal,0
0.328,TCP,58,54,3,42172,443,0,91,159.54,Port Scan,1
0.096,TCP,1141,34,584,45251,80,0,422,1042.39,DoS,1
2.132,TCP,1239,2224,19,31923,80,0,5,5.45,Normal,0
3.361,TCP,2595,7018,33,62836,8080,1,32,61.91,Bot Activity,1
0.34,TCP,733,1326,28,22521,443,0,7,1.11,Normal,0
3.134,TCP,1876,6608,60,42666,443,1,26,81.54,Bot Activity,1
5.896,TCP,1261,5986,30,60622,53,0,7,10.75,Normal,0
0.766,TCP,1308,4952,14,8671,443,1,4,6.35,Normal,0
1.615,UDP,264,2449,15,3463,53,0,3,1.92,Normal,0
0.043,TCP,1380,49,217,8635,80,0,652,1605.63,DoS,1
0.897,TCP,645,202,15,16412,21,29,59,68.2,Brute Force,1
0.766,TCP,1050,3739,19,26495,8080,0,4,1.55,Normal,0
1.348,TCP,1127,4546,18,63243,8080,0,8,1.56,Normal,0
1.367,ICMP,506,5011,14,48643,443,0,7,13.66,Normal,0
2.096,TCP,1684,4096,19,43945,80,0,6,4.17,Normal,0
1.123,TCP,347,235,10,41372,445,16,37,42.38,Brute Force,1
2.818,UDP,1521,5874,44,62566,53,1,4,8.74,Normal,0
0.685,TCP,1239,5798,16,25308,443,0,8,6.71,Normal,0
0.57,UDP,489,5891,18,63320,443,0,7,14.66,Normal,0
1.129,TCP,1544,5010,20,7536,53,0,6,8.64,Normal,0
0.216,TCP,865,4605,24,65108,53,0,3,8.06,Normal,0
0.563,TCP,1217,6912,21,19105,443,0,9,7.25,Normal,0
2.837,TCP,1151,4555,8,63219,8080,0,3,2.81,Normal,0
2.411,TCP,1121,2006,10,14925,80,0,4,10.13,Normal,0
0.971,TCP,601,253,6,22881,21,15,78,73.91,Brute Force,1
0.033,UDP,917,38,714,9277,53,0,660,1572.66,DoS,1
3.759,TCP,779,5636,38,14473,80,0,7,4.06,Normal,0
0.451,TCP,861,6374,32,37345,443,0,4,5.65,Normal,0
0.134,TCP,771,7367,12,54309,443,0,5,5.14,Normal,0
0.483,UDP,44,71,2,59508,80,1,51,72.47,Port Scan,1
1.142,UDP,772,4080,15,19196,443,0,8,8.36,Normal,0
0.451,TCP,103,54,3,56165,22,1,40,117.99,Port Scan,1
2.811,TCP,1104,4569,15,8229,80,0,8,10.31,Normal,0
1.149,TCP,1292,5469,22,24502,443,0,2,11.21,Normal,0
0.23,TCP,300,313,10,2059,21,23,28,27.37,Brute Force,1
1.084,TCP,711,369,12,18416,22,29,43,73.3,Brute Force,1
3.773,ICMP,9606,4149,20,9332,48610,7,148,116.58,Suspicious Traffic,1
5.271,ICMP,1710,5007,12,28613,80,0,1,6.64,Normal,0
0.344,TCP,65,10,2,55494,3389,0,132,223.36,Port Scan,1
0.379,TCP,109,39,3,33573,445,1,44,121.14,Port Scan,1
2.5,UDP,1081,4139,50,34044,443,0,3,8.58,Normal,0
0.247,TCP,1672,7917,31,3866,53,0,1,12.48,Normal,0
1.824,TCP,864,2880,33,64203,80,0,5,12.34,Normal,0
3.375,TCP,992,7746,30,32415,8080,0,2,8.79,Normal,0
6.157,TCP,1050,4266,32,8100,8080,0,8,5.64,Normal,0
0.204,TCP,100,36,2,59467,443,1,59,196.14,Port Scan,1
4.401,TCP,1717,4035,60,22134,8080,0,44,119.81,Bot Activity,1
1.195,TCP,482,2466,17,10746,80,0,10,10.08,Normal,0
4.301,UDP,1360,4696,24,41940,53,0,1,9.43,Normal,0
1.383,TCP,1088,3053,30,40175,53,0,2,3.92,Normal,0
2.109,TCP,1285,6040,36,40702,8080,0,3,8.56,Normal,0
2.186,UDP,569,3295,24,47016,80,0,4,7.06,Normal,0
0.31,UDP,1402,6733,47,43683,443,0,3,12.6,Normal,0
0.405,TCP,770,137,16,59226,21,27,39,51.53,Brute Force,1
4.145,TCP,1359,3766,9,28144,53,0,8,13.23,Normal,0
0.743,TCP,1675,2099,22,27156,8080,0,4,7.43,Normal,0
1.096,TCP,717,159,11,21508,445,31,55,48.25,Brute Force,1
0.71,TCP,712,289,15,21506,3389,29,20,39.79,Brute Force,1
0.017,TCP,84,30,118,25555,80,0,855,2562.13,DoS,1
0.412,TCP,718,262,10,46036,445,11,46,33.07,Brute Force,1
0.665,TCP,1148,3659,1,5424,80,0,11,6.36,Normal,0
0.015,UDP,153,4,616,7134,443,0,652,2695.08,DoS,1
8.134,TCP,1270,2494,20,7353,53,0,5,14.24,Normal,0
0.03,TCP,307,8,210,37487,80,0,614,1114.62,DoS,1
11.492,TCP,1591,1341,36,39459,53,0,9,6.75,Normal,0
1.442,TCP,795,3727,40,27947,53,0,6,5.42,Normal,0
0.776,TCP,1398,3697,30,62702,8080,0,10,7.65,Normal,0
0.008,TCP,566,50,993,48280,80,0,392,2685.77,DoS,1
0.023,TCP,652,62,262,64489,443,0,839,1335.48,DoS,1
0.216,TCP,86,66,3,41522,443,1,150,85.0,Port Scan,1
2.088,TCP,1262,4509,28,38899,443,0,2,6.54,Normal,0
0.532,UDP,1747,2746,1,32625,443,0,3,6.01,Normal,0
2.243,TCP,2227,2462,11,23970,53,0,6,11.39,Normal,0
1.196,UDP,551,5150,31,19281,443,0,10,12.15,Normal,0
0.309,TCP,79,10,1,55147,1433,1,122,122.05,Port Scan,1
1.814,TCP,1456,4684,23,2745,53,1,1,2.28,Normal,0
2.099,TCP,1583,4577,27,18934,53,0,8,13.47,Normal,0
4.254,TCP,1328,4791,12,24029,80,0,5,4.76,Normal,0
0.809,TCP,2049,6497,44,10413,8080,0,1,2.14,Normal,0
0.571,TCP,921,3122,37,49585,80,0,3,1.19,Normal,0
2.863,UDP,2121,2280,37,35790,443,0,8,14.04,Normal,0
10.942,ICMP,2667,19158,67,30755,22341,9,29,10.22,Suspicious Traffic,1
0.003,TCP,661,22,920,11340,443,0,232,1780.54,DoS,1
0.467,TCP,89,64,1,40629,443,1,181,87.84,Port Scan,1
1.096,TCP,1970,2928,16,58915,80,0,9,3.06,Normal,0
1.04,TCP,1528,4568,29,50467,80,0,6,12.13,Normal,0
3.722,TCP,1695,6568,22,18857,8080,0,6,12.37,Normal,0
2.391,TCP,1512,4626,28,32853,8080,0,6,4.83,Normal,0
0.011,UDP,535,3,702,15152,53,0,385,1108.93,DoS,1
0.265,TCP,1194,4304,27,8484,53,0,3,4.3,Normal,0
8.841,TCP,2513,6699,78,19587,8080,3,41,41.97,Bot Activity,1
2.552,TCP,1517,3861,30,45490,8080,0,7,9.9,Normal,0
2.256,TCP,1781,4330,23,21237,80,0,7,7.56,Normal,0
0.462,TCP,51,24,1,31795,80,1,92,67.73,Port Scan,1
5.06,TCP,1585,6675,25,14422,53,0,6,14.94,Normal,0
0.023,TCP,431,33,254,51314,80,0,333,1656.48,DoS,1
0.425,TCP,1139,3541,1,51105,53,0,1,13.17,Normal,0
1.678,TCP,1372,5817,20,8888,80,0,2,1.64,Normal,0
6.947,TCP,4112,3869,80,29248,80,0,15,67.0,Bot Activity,1
1.729,UDP,1251,3082,6,9491,8080,0,5,12.51,Normal,0
0.906,TCP,738,316,8,16105,3389,5,27,60.99,Brute Force,1
1.274,TCP,965,4993,37,5748,8080,0,3,5.78,Normal,0
2.914,TCP,1310,4466,28,3797,8080,1,4,11.56,Normal,0
2.033,ICMP,809,6455,31,61394,80,0,3,5.72,Normal,0
0.101,TCP,453,172,8,38757,445,19,31,54.25,Brute Force,1
0.734,TCP,1354,4425,31,38603,8080,0,7,8.52,Normal,0
0.035,UDP,1491,20,706,28398,443,0,875,2789.52,DoS,1
0.149,UDP,66,1,3,30683,3389,0,178,79.67,Port Scan,1
1.718,UDP,1126,2846,10,12288,8080,0,4,2.62,Normal,0
0.051,TCP,1217,62,645,61303,443,0,602,2696.04,DoS,1
7.791,TCP,3059,5553,72,6800,443,0,35,105.53,Bot Activity,1
0.211,TCP,93,9,2,37972,8080,1,69,287.7,Port Scan,1
0.856,ICMP,1560,6090,25,39617,8080,0,10,12.61,Normal,0
2.521,TCP,1828,4308,39,26961,53,0,9,7.3,Normal,0
3.523,UDP,1388,4827,27,15545,53,0,8,10.4,Normal,0
0.062,UDP,1053,35,317,6030,53,0,540,2919.36,DoS,1
0.287,TCP,114,46,2,47386,1433,2,115,168.13,Port Scan,1
1.921,TCP,1046,2529,26,13732,53,0,2,12.95,Normal,0
0.187,TCP,46,16,2,51149,22,0,127,107.9,Port Scan,1
0.04,TCP,1230,21,200,16509,80,0,656,1953.91,DoS,1
0.128,UDP,75,22,1,36464,22,2,135,100.32,Port Scan,1
0.012,TCP,784,37,621,40503,80,0,243,1285.11,DoS,1
0.71,UDP,1189,3189,14,50846,80,0,7,9.74,Normal,0
0.309,TCP,758,266,9,51674,445,16,68,47.35,Brute Force,1
4.817,TCP,1757,5565,29,31430,8080,0,6,6.53,Normal,0
1.385,TCP,1845,4016,38,58830,53,0,1,3.61,Normal,0
0.277,TCP,56,23,3,34946,445,1,194,228.78,Port Scan,1
4.844,TCP,3162,7387,61,5500,443,1,26,72.97,Bot Activity,1
0.677,TCP,1501,2718,26,30005,53,0,8,3.14,Normal,0
0.304,TCP,98,61,3,41532,1433,1,143,67.11,Port Scan,1
0.013,TCP,1235,38,454,5887,443,0,578,2636.37,DoS,1
5.194,TCP,1415,5142,22,31285,8080,1,1,3.32,Normal,0
0.272,TCP,90,15,1,39406,443,0,91,189.94,Port Scan,1
0.067,TCP,1432,46,937,43273,80,0,622,1147.26,DoS,1
3.337,TCP,1324,1665,45,41330,8080,0,8,3.33,Normal,0
2.501,ICMP,1342,4787,30,37352,80,0,9,3.69,Normal,0
0.315,TCP,88,39,2,51359,21,0,123,99.39,Port Scan,1
0.304,TCP,342,230,13,22096,445,26,64,84.41,Brute Force,1
0.281,UDP,594,3298,32,33882,443,0,6,13.07,Normal,0
4.88,TCP,1255,3743,23,30550,80,0,3,10.42,Normal,0
0.595,TCP,588,546,32,55903,53,0,7,7.4,Normal,0
0.012,TCP,1252,24,983,6551,53,0,573,2479.84,DoS,1
1.483,TCP,1351,7125,22,43369,443,1,2,9.63,Normal,0
0.035,UDP,566,39,896,47399,443,0,385,1510.6,DoS,1
13.094,UDP,17302,18027,141,29822,34346,4,128,174.44,Suspicious Traffic,1
0.662,TCP,819,4201,26,35283,443,0,1,3.3,Normal,0
1.055,TCP,818,4555,28,61182,53,0,5,11.41,Normal,0
5.027,TCP,1034,5916,20,51780,53,0,6,8.52,Normal,0
3.276,TCP,1550,3800,45,4456,53,0,4,6.63,Normal,0
2.555,TCP,705,3691,28,7218,8080,0,5,14.94,Normal,0
0.828,TCP,1041,5203,23,48455,443,0,6,14.8,Normal,0
0.081,TCP,76,24,371,39215,53,0,229,1763.41,DoS,1
2.617,TCP,1107,2510,38,10293,53,0,4,2.39,Normal,0
2.576,TCP,1467,4802,17,44020,8080,0,1,6.59,Normal,0
0.669,ICMP,797,1936,31,47479,80,0,1,9.97,Normal,0
0.074,UDP,1002,17,633,25711,53,0,591,833.36,DoS,1
0.962,UDP,896,3044,39,52907,53,0,1,2.66,Normal,0
8.79,TCP,3520,6044,30,44941,8080,0,50,41.59,Bot Activity,1
2.3,TCP,1215,6660,16,55351,80,0,8,8.2,Normal,0
0.047,TCP,833,45,499,28773,53,0,951,1237.36,DoS,1
3.636,TCP,819,4231,21,24737,80,0,6,3.22,Normal,0
4.425,TCP,1228,675,29,12838,443,0,7,9.61,Normal,0
1.9,UDP,1656,3836,24,51235,8080,0,4,5.61,Normal,0
1.596,TCP,1735,3054,14,10040,443,0,5,14.46,Normal,0
3.73,TCP,1059,2586,24,56365,80,0,7,5.06,Normal,0
0.397,TCP,1756,4989,33,36399,80,0,5,11.99,Normal,0
7.368,TCP,1589,4676,23,58460,443,0,1,5.54,Normal,0
8.413,TCP,3981,5525,79,11134,80,1,35,97.05,Bot Activity,1
0.265,TCP,1929,4143,10,12876,443,0,3,5.86,Normal,0
0.788,TCP,768,303,12,3888,445,14,77,63.0,Brute Force,1
0.845,TCP,1636,5855,44,24899,443,0,11,6.68,Normal,0
9.581,UDP,2204,4439,27,41040,53,0,1,10.73,Normal,0
11.685,TCP,1714,3585,21,52392,8080,0,1,5.86,Normal,0
3.906,TCP,1342,6549,35,16699,53,0,3,4.34,Normal,0
1.855,TCP,38,5387,25,52429,8080,0,6,13.09,Normal,0
2.205,UDP,1852,5432,17,13740,53,0,4,7.41,Normal,0
5.145,TCP,899,2630,6,38408,8080,0,3,8.37,Normal,0
0.144,TCP,98,4,1,42513,1433,1,90,172.75,Port Scan,1
0.634,TCP,1172,5045,45,35592,8080,0,1,14.77,Normal,0
2.959,UDP,888,4804,20,54560,443,0,5,9.35,Normal,0
0.113,UDP,107,2,3,38192,80,1,61,288.33,Port Scan,1
0.655,TCP,1525,7778,21,43045,8080,0,2,4.34,Normal,0
1.424,UDP,965,2639,27,37367,80,0,4,14.37,Normal,0
0.366,TCP,334,195,9,34835,22,16,45,27.32,Brute Force,1
0.016,TCP,91,14,1,55005,22,3,68,266.56,Port Scan,1
0.469,UDP,1656,8248,2,18902,8080,0,2,7.04,Normal,0
0.105,TCP,1916,4721,26,10681,8080,0,1,11.0,Normal,0
0.169,TCP,1362,4211,28,60695,443,0,2,1.74,Normal,0
2.118,TCP,706,4252,34,59000,53,0,1,5.23,Normal,0
0.063,TCP,119,31,788,28215,80,0,412,2516.93,DoS,1
4.44,TCP,1199,6174,14,27007,53,0,2,7.05,Normal,0
3.695,UDP,11704,14661,107,6373,24571,9,47,228.56,Suspicious Traffic,1
0.446,UDP,648,6106,12,15740,80,0,6,7.23,Normal,0
0.014,TCP,1243,62,508,7518,53,0,605,1930.43,DoS,1
8.724,TCP,2097,4620,57,43620,443,2,42,90.61,Bot Activity,1
1.587,TCP,16729,29233,195,52888,9572,4,125,165.11,Suspicious Traffic,1
0.443,TCP,983,4392,35,10042,80,0,3,10.82,Normal,0
0.242,TCP,1510,4415,11,55404,8080,0,8,8.35,Normal,0
9.09,TCP,323,3997,36,10120,8080,0,8,11.01,Normal,0
1.048,TCP,1071,4663,35,1369,80,1,5,13.47,Normal,0
1.637,TCP,1598,5293,20,15158,443,0,1,12.74,Normal,0
0.025,UDP,340,6,920,48685,53,0,856,2400.09,DoS,1
4.74,TCP,1438,1464,27,35613,8080,0,4,9.15,Normal,0
0.621,TCP,1249,3561,25,19906,443,0,3,12.47,Normal,0
1.175,TCP,1498,6597,40,4154,443,0,6,10.45,Normal,0
1.187,TCP,1353,3292,13,53053,8080,0,6,2.48,Normal,0
0.737,TCP,609,334,14,55858,445,27,68,73.83,Brute Force,1
7.605,TCP,1180,3992,31,40132,80,0,3,11.84,Normal,0
2.527,TCP,1063,4482,18,38711,443,0,3,11.55,Normal,0
5.736,TCP,1610,3810,33,20113,8080,1,4,13.99,Normal,0
0.106,ICMP,1136,6378,30,24147,443,0,3,3.75,Normal,0
2.851,TCP,3647,3338,62,13300,8080,1,23,79.28,Bot Activity,1
0.284,UDP,1533,1742,48,44817,80,0,13,2.5,Normal,0
1.605,UDP,1264,6325,23,24657,80,0,4,3.31,Normal,0
1.239,TCP,1095,2642,13,36681,80,0,5,6.95,Normal,0
0.607,TCP,1977,3981,20,31835,80,0,3,13.42,Normal,0
0.733,UDP,1114,6469,9,65318,53,0,4,2.1,Normal,0
0.359,TCP,1454,2492,35,2089,53,0,4,4.8,Normal,0
0.544,TCP,1612,3522,13,23621,443,0,8,7.41,Normal,0
5.811,UDP,1527,4736,42,42198,80,0,2,4.32,Normal,0
3.774,TCP,1229,4293,10,49206,53,0,5,11.94,Normal,0
0.855,TCP,615,1782,43,24113,53,0,5,13.69,Normal,0
0.24,TCP,1361,3131,33,12499,8080,0,7,4.41,Normal,0
1.75,TCP,1266,4557,37,32386,443,0,2,8.0,Normal,0
2.282,TCP,1239,3992,21,5160,8080,1,7,6.46,Normal,0
0.082,UDP,421,58,238,14236,80,0,701,572.0,DoS,1
0.911,TCP,788,3771,33,52871,443,0,5,14.43,Normal,0
3.259,TCP,1331,4710,15,21707,53,0,10,8.35,Normal,0
3.571,UDP,737,3870,17,54463,8080,0,1,1.97,Normal,0
2.376,UDP,1216,3790,26,50392,443,0,4,1.78,Normal,0
0.071,UDP,697,8,361,57526,80,0,895,2761.13,DoS,1
2.354,UDP,912,4806,17,57765,53,0,2,12.64,Normal,0
1.768,UDP,1512,4902,13,53410,53,0,4,14.02,Normal,0
0.601,TCP,1181,3531,21,27240,8080,0,4,12.97,Normal,0
2.593,UDP,491,3537,23,26364,53,0,1,14.62,Normal,0
1.43,TCP,1020,4512,11,33544,8080,0,3,8.47,Normal,0
12.108,TCP,4787,8445,85,53276,34032,9,12,221.05,Suspicious Traffic,1
4.074,TCP,2684,2042,70,18504,80,2,21,48.57,Bot Activity,1
0.778,TCP,322,286,9,48675,445,13,57,30.72,Brute Force,1
4.748,TCP,979,4536,27,6197,8080,0,3,10.65,Normal,0
0.707,UDP,1287,2282,5,54917,443,0,8,14.51,Normal,0
1.376,ICMP,1293,9339,33,22075,80,0,1,1.2,Normal,0
2.387,TCP,1542,5362,16,44339,53,0,6,11.72,Normal,0
1.077,UDP,1652,4672,29,40518,8080,0,1,2.17,Normal,0
3.694,TCP,1315,3148,31,30116,53,0,6,8.29,Normal,0
0.409,TCP,60,23,1,59871,3389,3,111,75.47,Port Scan,1
2.494,ICMP,1315,5390,22,41319,8080,0,3,5.48,Normal,0
0.982,TCP,492,225,6,65252,22,27,45,32.87,Brute Force,1
0.382,UDP,48,40,3,50890,8080,3,103,262.05,Port Scan,1
1.696,TCP,1311,4937,8,24834,443,0,2,7.89,Normal,0
0.781,UDP,363,4244,22,10382,8080,1,3,14.29,Normal,0
0.562,TCP,1394,1575,4,5431,443,0,7,7.26,Normal,0
4.396,TCP,2403,3460,57,25032,443,1,24,95.29,Bot Activity,1
1.457,UDP,1502,1628,31,26115,80,0,2,1.73,Normal,0
0.021,UDP,570,46,387,45528,443,0,924,816.59,DoS,1
1.798,TCP,1174,4861,25,63207,53,0,7,4.78,Normal,0
0.333,TCP,119,21,3,48806,22,0,58,50.98,Port Scan,1
12.133,ICMP,10199,9009,34,35723,24049,5,38,221.24,Suspicious Traffic,1
1.04,TCP,1758,5954,4,27110,53,0,12,14.74,Normal,0
0.068,TCP,100,7,1,33717,80,2,147,93.35,Port Scan,1
0.258,TCP,94,16,3,46352,1433,2,187,53.96,Port Scan,1
0.445,TCP,44,36,1,48404,443,2,113,119.83,Port Scan,1
0.535,UDP,461,5678,25,18180,53,0,10,7.99,Normal,0
1.334,TCP,1111,3938,25,15087,53,0,7,4.68,Normal,0
1.119,TCP,541,194,15,33216,21,12,49,29.87,Brute Force,1
1.18,UDP,1027,5066,11,9062,443,0,1,3.12,Normal,0
0.878,TCP,395,210,7,30650,21,18,30,96.47,Brute Force,1
1.196,TCP,1129,4496,1,59920,8080,0,5,14.61,Normal,0
1.193,TCP,1841,2913,18,54142,53,0,2,11.21,Normal,0
1.441,TCP,1248,3196,21,47525,80,0,6,5.59,Normal,0
1.33,TCP,1297,5379,44,20054,53,0,1,3.67,Normal,0
5.933,TCP,1045,5821,36,47674,443,0,8,7.34,Normal,0
0.096,UDP,957,38,864,34366,80,0,632,2509.65,DoS,1
0.261,TCP,752,4239,25,8978,443,0,2,2.19,Normal,0
3.512,ICMP,769,6053,37,16539,8080,1,8,6.2,Normal,0
3.137,TCP,774,5121,26,37333,53,0,13,1.19,Normal,0
2.398,UDP,1183,6001,15,65447,443,0,8,5.79,Normal,0
2.164,TCP,1299,3657,15,6675,80,0,9,2.07,Normal,0
1.56,TCP,1655,2773,21,48009,8080,0,6,14.7,Normal,0
0.877,TCP,1786,3783,27,51432,8080,0,7,2.47,Normal,0
0.321,UDP,104,66,3,40388,443,1,82,299.83,Port Scan,1
0.125,TCP,1084,6736,30,30514,8080,0,4,13.87,Normal,0
0.686,UDP,1236,5844,11,23603,443,0,7,12.21,Normal,0
1.85,TCP,1282,5608,29,52160,443,0,1,10.48,Normal,0
3.266,TCP,1617,6543,28,9481,8080,0,6,8.12,Normal,0
4.359,ICMP,11303,2653,85,57924,3632,1,107,247.75,Suspicious Traffic,1
1.824,TCP,1648,4219,32,55511,80,0,6,3.85,Normal,0
0.007,UDP,536,20,560,20956,80,0,952,619.45,DoS,1
4.955,TCP,1065,2488,32,11639,53,0,4,11.67,Normal,0
11.236,TCP,728,4170,31,15801,53,0,1,11.1,Normal,0
8.935,TCP,3303,6647,63,35031,443,1,20,45.72,Bot Activity,1
0.883,TCP,1582,7987,24,56464,80,0,6,1.89,Normal,0
4.699,ICMP,471,3441,11,42644,53,0,10,1.58,Normal,0
0.87,TCP,893,4602,35,20870,80,0,6,10.07,Normal,0
7.426,TCP,4736,5102,37,12076,8080,1,20,85.36,Bot Activity,1
2.536,TCP,1184,2393,23,62734,443,0,6,6.94,Normal,0
0.306,TCP,63,32,1,59556,3389,1,99,56.46,Port Scan,1
3.891,TCP,1179,3255,30,56241,80,0,7,13.81,Normal,0
0.069,TCP,1188,54,819,2884,80,0,606,1082.25,DoS,1
0.073,ICMP,287,14,290,4004,53,0,834,967.27,DoS,1
16.459,TCP,1030,6087,26,51554,53,0,8,13.62,Normal,0
0.002,TCP,423,42,899,51288,53,0,567,2017.43,DoS,1
4.186,ICMP,1184,1867,26,28326,80,0,2,8.04,Normal,0
1.559,TCP,2220,5475,16,42126,53,0,9,1.74,Normal,0
1.151,TCP,420,197,8,20823,445,27,60,35.19,Brute Force,1
0.228,TCP,628,202,14,17073,445,11,20,26.28,Brute Force,1
0.009,UDP,1385,17,433,20517,443,0,655,2704.27,DoS,1
7.656,TCP,1803,6014,54,5807,8080,1,17,51.24,Bot Activity,1
0.599,TCP,450,215,16,4951,21,34,43,92.73,Brute Force,1
3.765,UDP,1959,1483,1,29834,8080,0,11,4.62,Normal,0
1.09,TCP,690,158,7,14395,3389,29,34,22.91,Brute Force,1
3.359,TCP,1212,1005,19,40783,443,0,6,6.69,Normal,0
2.046,UDP,1377,3790,30,48103,53,0,10,10.79,Normal,0
0.472,TCP,2084,5087,31,57436,53,0,4,9.22,Normal,0
1.594,UDP,1189,6684,21,9594,53,0,6,6.75,Normal,0
0.09,UDP,1297,5,878,7983,443,0,456,945.83,DoS,1
1.453,TCP,873,3898,31,16867,8080,0,1,7.19,Normal,0
3.531,UDP,893,6254,18,30489,443,0,6,2.82,Normal,0
4.222,TCP,1344,5952,28,4341,53,0,1,8.39,Normal,0
0.124,TCP,109,24,3,43701,21,0,99,137.93,Port Scan,1
0.289,UDP,1470,2880,27,64115,443,0,9,11.37,Normal,0
0.184,TCP,104,23,2,53629,3389,1,88,164.84,Port Scan,1
1.123,TCP,572,298,16,13465,21,8,49,55.09,Brute Force,1
0.449,TCP,1390,3297,23,33679,8080,0,1,9.28,Normal,0
0.089,UDP,114,36,807,21245,443,0,213,1874.21,DoS,1
0.048,TCP,79,26,239,2543,80,0,731,2272.0,DoS,1
5.585,TCP,1363,3671,30,62971,8080,0,8,12.95,Normal,0
0.442,TCP,74,59,3,37049,3389,1,122,196.84,Port Scan,1
8.335,TCP,910,4413,41,4213,80,0,9,1.9,Normal,0
8.388,UDP,19501,6976,176,40183,57825,4,25,218.81,Suspicious Traffic,1
0.55,TCP,1599,3152,27,56261,8080,0,4,1.77,Normal,0
1.744,TCP,1654,3131,29,1560,80,0,6,8.71,Normal,0
0.434,TCP,499,195,11,58857,3389,21,35,99.86,Brute Force,1
0.501,TCP,1943,6239,30,48702,53,0,1,12.04,Normal,0
1.154,TCP,712,269,8,25007,22,10,23,21.03,Brute Force,1
0.625,TCP,365,170,17,27277,22,29,55,84.75,Brute Force,1
1.125,TCP,685,324,8,38398,21,34,31,37.08,Brute Force,1
0.208,TCP,114,7,2,39456,443,2,98,204.78,Port Scan,1
8.707,UDP,1057,2550,46,26344,8080,0,1,2.0,Normal,0
6.802,UDP,1636,2285,29,19356,80,0,4,9.87,Normal,0
6.092,ICMP,1224,3281,16,7361,8080,0,1,3.52,Normal,0
8.024,TCP,1283,3415,34,23247,53,0,3,7.09,Normal,0
0.63,UDP,1551,3344,18,14070,8080,0,1,7.52,Normal,0
9.386,TCP,2224,4149,38,3994,80,1,35,111.56,Bot Activity,1
4.452,TCP,3221,7377,78,10005,8080,0,29,70.85,Bot Activity,1
0.657,TCP,674,5690,29,22851,8080,0,6,7.76,Normal,0
9.625,TCP,920,3068,20,10785,443,0,1,13.75,Normal,0
1.427,UDP,1999,6209,23,41203,53,0,3,10.09,Normal,0
0.323,TCP,65,7,2,54226,53,0,191,168.79,Port Scan,1
3.734,TCP,1582,3625,28,39935,53,0,7,1.66,Normal,0
3.702,TCP,1365,4060,1,34429,8080,0,1,1.1,Normal,0
0.496,TCP,570,303,14,20672,445,15,50,45.52,Brute Force,1
9.398,TCP,4547,4530,71,54485,80,2,53,70.22,Bot Activity,1
0.297,TCP,1592,5099,16,25165,53,0,3,6.31,Normal,0
0.455,TCP,1921,4606,11,65243,8080,0,1,7.62,Normal,0
0.005,UDP,593,54,821,53241,53,0,479,2234.69,DoS,1
5.765,TCP,1927,3911,19,58178,80,0,6,10.26,Normal,0
1.25,TCP,566,2759,13,18426,443,0,7,1.22,Normal,0
2.433,UDP,1105,5013,16,39266,8080,0,8,13.02,Normal,0
0.207,TCP,46,58,2,50307,8080,0,41,252.2,Port Scan,1
2.627,TCP,1034,5465,26,10709,443,1,12,1.25,Normal,0
1.705,TCP,3908,6710,77,63166,8080,0,35,105.5,Bot Activity,1
1.677,TCP,1597,4359,46,8227,443,1,1,6.66,Normal,0
0.138,TCP,1997,3082,5,21583,8080,0,3,6.43,Normal,0
6.559,TCP,1130,4537,19,46277,443,0,1,7.44,Normal,0
0.184,TCP,476,4802,41,51813,8080,0,4,7.33,Normal,0
1.026,TCP,1380,5985,23,49248,80,0,1,10.3,Normal,0
8.82,UDP,1102,4233,16,35017,443,0,6,12.03,Normal,0
1.09,TCP,936,5012,24,44424,8080,0,9,11.98,Normal,0
0.315,UDP,1184,3342,30,21587,443,0,2,13.76,Normal,0
1.972,UDP,1544,5612,21,35964,53,0,11,9.0,Normal,0
2.545,TCP,1205,5985,22,45318,53,0,3,10.18,Normal,0
0.923,UDP,1307,8476,36,13625,443,0,2,5.03,Normal,0
0.044,TCP,109,39,2,39752,53,2,160,118.98,Port Scan,1
0.082,TCP,1223,22,190,47221,80,0,969,2131.51,DoS,1
1.368,TCP,1137,1523,1,46260,8080,0,1,3.46,Normal,0
0.835,UDP,1319,3824,32,23884,53,0,6,13.41,Normal,0
0.736,TCP,1561,3139,33,38608,8080,0,5,2.16,Normal,0
0.03,TCP,693,48,478,26881,443,0,954,2756.33,DoS,1
0.008,UDP,1186,6,196,63586,80,0,280,528.33,DoS,1
9.167,TCP,1399,4565,31,20060,80,0,3,8.65,Normal,0
1.151,TCP,1442,3995,15,47826,80,0,3,10.74,Normal,0
3.603,ICMP,1846,5739,52,30016,53,0,1,3.37,Normal,0
1.551,UDP,1275,5450,10,15048,443,0,3,14.75,Normal,0
13.912,TCP,5133,5720,135,18793,61147,6,122,29.02,Suspicious Traffic,1
1.32,TCP,652,2840,26,37857,53,0,6,1.33,Normal,0
5.299,TCP,1285,3999,37,41374,443,0,10,1.75,Normal,0
2.536,TCP,2435,4920,26,44923,443,0,4,12.79,Normal,0
0.048,UDP,48,39,1,43543,3389,1,117,141.03,Port Scan,1
0.445,TCP,1428,4002,19,48037,8080,0,7,12.05,Normal,0
8.618,TCP,807,2392,26,51537,443,1,4,7.2,Normal,0
3.214,TCP,3362,4894,72,37092,80,0,23,53.24,Bot Activity,1
0.103,TCP,85,17,3,58857,445,2,77,62.45,Port Scan,1
2.755,TCP,1144,5386,23,32315,443,0,10,8.18,Normal,0
1.617,TCP,1318,4709,22,19849,53,0,4,7.95,Normal,0
0.561,UDP,1318,4142,20,4902,80,0,10,8.57,Normal,0
0.049,TCP,772,37,270,16243,53,0,920,2185.47,DoS,1
0.362,TCP,225,5526,16,49435,80,0,5,7.03,Normal,0
10.976,TCP,754,6295,19,12498,8080,0,1,10.1,Normal,0
4.255,TCP,1105,4320,13,12545,80,0,7,1.92,Normal,0
0.29,TCP,72,29,1,46232,22,2,135,156.05,Port Scan,1
0.833,UDP,2370,3008,15,62406,53,0,3,2.2,Normal,0
0.106,UDP,95,31,2,48610,443,1,56,127.41,Port Scan,1
0.336,TCP,62,36,1,40978,53,0,43,274.19,Port Scan,1
0.745,TCP,1333,3156,11,30801,8080,0,8,10.91,Normal,0
0.839,TCP,1238,2976,8,9819,8080,0,3,9.46,Normal,0
0.1,UDP,645,14,331,54031,80,0,583,1418.19,DoS,1
0.037,TCP,614,53,685,22696,80,0,691,1335.36,DoS,1
0.142,TCP,735,253,10,48939,445,17,71,31.21,Brute Force,1
0.12,TCP,1210,4421,27,43511,53,0,3,4.49,Normal,0
0.082,ICMP,1333,59,872,1948,53,0,754,925.65,DoS,1
0.698,TCP,1644,4516,23,23117,53,0,6,8.09,Normal,0
4.505,UDP,11140,28391,85,50654,12660,6,133,144.75,Suspicious Traffic,1
0.735,TCP,354,4271,41,12526,8080,0,5,11.98,Normal,0
3.293,TCP,1473,5828,32,34794,53,0,3,6.99,Normal,0
1.312,UDP,1141,2751,19,44885,80,0,4,3.74,Normal,0
1.014,TCP,446,362,15,10240,445,24,79,33.35,Brute Force,1
3.88,TCP,1412,5787,23,22232,443,1,6,10.27,Normal,0
2.59,TCP,1213,2436,38,26162,443,0,5,11.3,Normal,0
0.066,TCP,97,40,3,40801,53,1,171,59.42,Port Scan,1
2.054,TCP,1317,2697,29,39197,80,0,5,10.88,Normal,0
0.203,TCP,40,9,2,37743,80,1,156,180.47,Port Scan,1
0.633,UDP,1415,4959,15,44789,80,0,6,9.12,Normal,0
0.033,UDP,333,39,402,11492,443,0,368,1282.96,DoS,1
5.905,TCP,1071,2121,36,45987,53,0,2,14.6,Normal,0
5.034,TCP,1391,3208,46,42883,53,0,5,13.46,Normal,0
5.886,UDP,2196,4087,21,15498,443,0,5,5.57,Normal,0
0.245,TCP,413,3619,8,32363,443,0,3,3.31,Normal,0
0.262,TCP,56,25,2,42242,8080,0,63,68.31,Port Scan,1
0.928,TCP,676,314,14,47027,445,33,29,87.99,Brute Force,1
0.422,TCP,63,25,3,56279,21,0,156,258.95,Port Scan,1
3.719,TCP,1203,4996,25,50954,443,0,7,5.08,Normal,0
6.731,TCP,1785,7650,24,40072,80,0,10,4.81,Normal,0
2.524,UDP,1842,5202,14,35639,53,0,5,7.47,Normal,0
0.09,TCP,1085,6,130,37998,80,0,648,2237.07,DoS,1
0.474,TCP,303,243,6,5072,21,13,22,49.34,Brute Force,1
1.582,TCP,1145,5658,25,38557,443,0,5,14.03,Normal,0
3.548,UDP,1481,4316,41,57024,8080,0,12,2.98,Normal,0
4.254,TCP,1482,4841,31,14486,8080,0,1,2.1,Normal,0
0.548,UDP,1062,1692,13,34472,8080,0,6,11.38,Normal,0
2.815,TCP,895,5078,9,30741,443,0,3,11.48,Normal,0
5.437,UDP,1384,2651,22,30961,80,0,2,10.99,Normal,0
0.316,TCP,62,30,1,40098,80,1,153,112.24,Port Scan,1
1.117,TCP,1635,3643,25,26973,53,0,7,7.38,Normal,0
5.384,TCP,1193,5524,30,49902,443,0,4,1.34,Normal,0
2.09,TCP,1956,3174,17,3993,8080,0,2,1.53,Normal,0
10.835,TCP,1489,5172,23,5203,80,0,2,4.22,Normal,0
0.831,UDP,1257,5807,12,5548,8080,1,1,6.77,Normal,0
0.231,TCP,108,75,2,55197,22,1,72,153.37,Port Scan,1
5.33,TCP,2095,3091,15,51214,8080,0,9,13.17,Normal,0
1.547,TCP,1726,4282,36,59439,8080,0,6,7.92,Normal,0
0.134,TCP,1592,5504,24,61129,8080,0,1,6.9,Normal,0
0.758,TCP,609,6033,12,45768,443,0,1,1.12,Normal,0
0.004,ICMP,1345,34,589,23816,80,0,723,1467.63,DoS,1
0.215,TCP,2063,1707,19,12721,8080,0,6,6.52,Normal,0
1.378,TCP,1768,4525,20,48725,443,0,1,12.88,Normal,0
0.25,TCP,60,70,2,39776,445,0,83,250.78,Port Scan,1
12.2,TCP,1017,6426,35,45163,8080,0,4,6.78,Normal,0
0.226,TCP,1516,2821,42,54984,443,0,1,10.97,Normal,0
0.307,UDP,1463,3830,28,23710,443,0,6,3.36,Normal,0
0.946,TCP,598,201,9,62459,22,27,26,48.11,Brute Force,1
13.388,ICMP,11269,19438,45,3136,53050,1,63,43.81,Suspicious Traffic,1
3.363,UDP,1260,3539,45,44291,8080,0,6,12.64,Normal,0
0.198,UDP,890,3920,48,62382,80,0,2,1.43,Normal,0
0.183,TCP,784,5131,25,5434,80,0,7,3.15,Normal,0
0.076,UDP,1082,12,289,30282,53,0,750,1049.31,DoS,1
3.908,UDP,1772,4156,29,45066,80,0,7,4.2,Normal,0
1.045,TCP,851,3480,33,3924,8080,0,4,2.46,Normal,0
0.347,TCP,47,73,2,54719,80,0,161,114.34,Port Scan,1
0.029,UDP,107,35,2,39478,21,0,148,243.06,Port Scan,1
2.504,TCP,1197,5963,29,54488,53,0,6,6.75,Normal,0
1.403,UDP,1255,2178,19,51654,53,0,8,9.99,Normal,0
0.389,UDP,1088,3763,20,58451,443,0,7,14.62,Normal,0
4.39,UDP,17758,3076,150,35185,14487,5,109,17.48,Suspicious Traffic,1
0.015,TCP,316,61,723,28128,443,0,841,1494.09,DoS,1
0.768,TCP,2036,5733,24,19057,80,0,3,5.67,Normal,0
2.214,TCP,1829,3636,34,39800,443,0,6,4.5,Normal,0
2.3,TCP,408,4277,21,29022,8080,1,3,2.48,Normal,0
0.334,TCP,116,58,1,51080,8080,2,133,294.02,Port Scan,1
5.993,TCP,1097,2494,37,52523,53,0,6,14.84,Normal,0
0.221,UDP,693,5158,42,27780,443,0,4,11.79,Normal,0
1.01,ICMP,811,7091,34,13075,8080,0,2,4.39,Normal,0
1.987,TCP,848,4944,12,15793,53,0,7,1.0,Normal,0
6.881,UDP,1495,3441,28,10485,8080,0,5,6.23,Normal,0
0.041,TCP,71,77,2,43648,1433,0,59,225.88,Port Scan,1
1.271,ICMP,1106,5322,27,35758,443,0,1,12.53,Normal,0
7.263,UDP,1428,3209,10,17736,443,0,1,11.97,Normal,0
2.14,TCP,2972,4885,52,6206,443,1,17,93.27,Bot Activity,1
0.642,UDP,1174,6621,34,56542,53,0,1,5.03,Normal,0
3.378,TCP,1024,3606,25,48511,443,0,7,6.11,Normal,0
0.04,TCP,361,24,385,25743,53,0,741,1223.96,DoS,1
0.27,TCP,1462,4291,40,40672,80,0,1,4.57,Normal,0
0.251,TCP,1069,3985,4,13356,443,0,7,8.09,Normal,0
1.04,TCP,1445,5078,22,58006,53,0,7,8.72,Normal,0
0.436,TCP,626,4681,39,60596,80,0,4,9.27,Normal,0
2.085,UDP,1415,6334,29,13478,80,0,2,10.48,Normal,0
1.426,TCP,758,5488,32,50460,8080,0,5,12.17,Normal,0
0.098,TCP,958,26,873,46613,53,0,401,2952.57,DoS,1
4.044,TCP,1427,3455,38,47147,443,0,1,10.74,Normal,0
0.386,TCP,1436,8310,25,16709,53,0,10,6.91,Normal,0
0.167,TCP,1558,1889,23,25972,8080,0,8,1.25,Normal,0
1.885,ICMP,1020,4803,30,24569,53,0,3,12.78,Normal,0
2.685,TCP,1393,5327,33,34632,8080,0,1,4.01,Normal,0
0.661,TCP,838,1802,1,53638,8080,0,8,4.79,Normal,0
2.423,TCP,1495,3891,31,22011,443,0,6,7.93,Normal,0
3.079,TCP,913,4355,23,28152,80,0,5,13.64,Normal,0
0.047,UDP,953,51,488,15526,53,0,828,1656.14,DoS,1
5.377,TCP,3119,6710,79,10588,80,1,23,74.76,Bot Activity,1
7.777,TCP,4339,2196,58,18115,8080,1,52,39.19,Bot Activity,1
0.055,TCP,519,18,577,62285,53,0,241,896.34,DoS,1
0.246,TCP,416,236,12,38979,445,6,59,97.43,Brute Force,1
0.045,TCP,747,44,646,20370,80,0,630,1672.05,DoS,1
0.912,TCP,1017,3042,33,13882,53,0,1,1.93,Normal,0
0.719,TCP,635,310,9,38366,21,16,25,68.48,Brute Force,1
8.1,UDP,1472,5943,12,33747,53,0,11,13.02,Normal,0
5.491,TCP,4760,5499,62,54868,443,1,24,35.32,Bot Activity,1
1.882,TCP,1346,4441,18,64366,8080,0,1,2.87,Normal,0
3.834,TCP,963,5160,9,49047,53,0,6,4.19,Normal,0
0.449,TCP,895,3909,28,48231,8080,0,1,1.9,Normal,0
0.096,TCP,710,1,676,59310,53,0,531,1175.15,DoS,1
2.753,TCP,1421,3095,36,43086,80,0,5,2.64,Normal,0
0.841,TCP,357,308,11,56014,22,13,74,79.12,Brute Force,1
4.735,TCP,1540,6172,27,62968,80,0,9,9.94,Normal,0
1.91,TCP,2580,5668,87,28051,80,0,16,39.74,Bot Activity,1
6.06,UDP,1302,7519,19,56242,443,0,6,6.49,Normal,0
0.392,TCP,1173,4460,28,10922,80,0,3,1.25,Normal,0
1.778,TCP,4297,7391,86,30910,443,2,27,63.31,Bot Activity,1
0.475,TCP,1262,6106,31,4986,8080,0,5,10.31,Normal,0
0.396,UDP,49,28,3,47439,1433,3,47,87.13,Port Scan,1
1.751,TCP,789,3845,39,27982,80,1,4,10.26,Normal,0
1.772,TCP,257,5475,28,48354,53,0,5,2.33,Normal,0
1.405,TCP,1076,4001,33,19813,80,0,8,12.44,Normal,0
5.003,TCP,1613,3692,29,46759,8080,0,6,2.62,Normal,0
9.637,TCP,2751,2395,40,60647,80,3,40,65.31,Bot Activity,1
0.843,TCP,1388,4377,35,8038,80,0,6,5.1,Normal,0
1.773,TCP,691,4171,18,16817,443,0,2,14.99,Normal,0
1.097,TCP,814,3452,20,17567,53,0,2,2.48,Normal,0
4.182,TCP,1467,5431,5,27036,80,0,6,3.03,Normal,0
0.305,TCP,92,0,3,48513,21,0,98,150.68,Port Scan,1
1.818,UDP,1234,4608,48,46719,443,0,4,2.11,Normal,0
0.521,TCP,875,1785,33,55292,80,0,5,6.52,Normal,0
11.506,TCP,309,4841,199,57269,42592,9,148,162.74,Suspicious Traffic,1
0.08,TCP,436,27,520,50805,80,0,392,2736.49,DoS,1
9.693,UDP,1456,4619,35,7152,8080,0,5,6.01,Normal,0
1.454,TCP,1119,8972,29,37246,8080,0,4,9.24,Normal,0
2.733,UDP,1199,5358,23,1644,443,0,2,7.71,Normal,0
0.04,ICMP,760,62,107,56424,443,0,919,2827.8,DoS,1
1.118,TCP,2100,5922,31,43289,443,0,24,78.56,Bot Activity,1
0.187,TCP,2234,4487,21,38108,80,0,1,13.66,Normal,0
14.815,ICMP,7899,20600,86,61262,2789,6,22,63.51,Suspicious Traffic,1
1.497,TCP,2176,5155,25,16082,443,0,6,7.6,Normal,0
6.674,UDP,751,3367,25,46394,8080,0,1,11.42,Normal,0
0.276,UDP,952,5847,16,61590,80,0,10,13.45,Normal,0
0.053,UDP,1332,31,381,19399,53,0,802,1050.17,DoS,1
5.12,UDP,660,3817,11,37955,80,0,2,3.47,Normal,0
0.134,TCP,76,30,3,30513,21,1,54,197.69,Port Scan,1
1.456,TCP,1209,3490,13,39496,443,0,5,2.45,Normal,0
0.366,TCP,950,3356,20,47733,8080,0,6,5.59,Normal,0
1.793,TCP,1310,7563,30,20638,443,0,6,2.78,Normal,0
0.566,TCP,1356,2023,30,38163,8080,0,4,2.77,Normal,0
3.844,UDP,6786,4301,172,36451,21741,5,102,145.95,Suspicious Traffic,1
1.812,UDP,1302,3553,29,26180,443,0,2,7.12,Normal,0
0.468,TCP,1173,2888,17,46199,80,0,7,7.73,Normal,0
10.456,UDP,4383,15662,35,64878,22667,7,66,212.98,Suspicious Traffic,1
2.758,UDP,482,6124,6,4544,80,0,7,2.17,Normal,0
2.344,ICMP,17571,9062,131,55988,4982,6,127,150.02,Suspicious Traffic,1
2.764,TCP,1467,6187,13,23346,8080,0,1,12.18,Normal,0
0.488,TCP,449,267,6,22414,22,6,21,78.6,Brute Force,1
6.915,TCP,3036,2269,85,42582,443,1,16,93.63,Bot Activity,1
0.432,TCP,1247,3459,26,52375,8080,0,12,12.44,Normal,0
0.062,TCP,1062,26,609,24343,53,0,719,1375.59,DoS,1
0.014,UDP,70,59,201,62703,443,0,275,1332.52,DoS,1
0.703,TCP,1000,4408,34,29326,443,0,3,10.66,Normal,0
0.352,TCP,64,7,1,32808,53,3,62,130.52,Port Scan,1
0.295,UDP,1485,4149,32,53326,443,0,7,9.49,Normal,0
2.64,TCP,1316,4548,33,6401,53,0,7,13.21,Normal,0
0.319,TCP,1716,4582,45,47665,443,0,1,8.38,Normal,0
2.488,UDP,1324,2809,13,21778,53,0,5,2.73,Normal,0
6.209,ICMP,3434,20031,123,1365,61798,4,22,224.45,Suspicious Traffic,1
1.04,TCP,1601,4044,23,21227,8080,0,6,13.1,Normal,0
1.124,TCP,422,273,9,18704,22,33,30,80.95,Brute Force,1
1.063,TCP,313,268,8,9708,22,14,71,41.17,Brute Force,1
1.597,TCP,1981,5530,40,13305,8080,0,6,9.0,Normal,0
0.41,TCP,1046,4191,41,37380,8080,0,1,5.6,Normal,0
0.325,UDP,66,60,2,48160,443,1,41,224.13,Port Scan,1
7.245,UDP,595,5302,19,40145,53,0,1,7.67,Normal,0
1.909,TCP,1907,4799,44,1833,53,0,2,5.77,Normal,0
2.258,TCP,535,5429,18,52088,80,0,4,1.73,Normal,0
0.293,TCP,696,5818,24,37694,443,0,8,5.28,Normal,0
1.303,TCP,452,3124,15,12138,8080,0,9,12.67,Normal,0
3.278,TCP,1389,5544,20,18648,53,0,3,5.43,Normal,0
4.224,TCP,610,11922,116,10588,4147,4,148,232.61,Suspicious Traffic,1
0.396,UDP,1408,4248,14,11983,8080,0,8,9.13,Normal,0
8.306,TCP,4096,6421,40,20669,443,2,27,114.08,Bot Activity,1
4.974,TCP,808,4554,34,52317,80,0,6,11.06,Normal,0
0.215,UDP,1609,5783,31,62905,443,0,7,7.18,Normal,0
0.316,TCP,108,64,1,50207,21,1,56,200.35,Port Scan,1
0.013,TCP,1372,52,567,31031,80,0,817,1806.73,DoS,1
0.433,TCP,1430,4200,21,9904,53,1,9,7.9,Normal,0
3.146,UDP,1608,7532,41,26957,53,0,1,8.71,Normal,0
1.368,TCP,1326,5350,42,25921,53,0,7,14.15,Normal,0
2.015,TCP,745,5733,38,29245,443,0,6,7.65,Normal,0
0.496,TCP,769,260,13,40557,21,14,50,78.71,Brute Force,1
1.197,TCP,1642,1088,22,32417,53,0,14,2.89,Normal,0
0.563,TCP,1264,5493,14,27124,53,0,10,13.73,Normal,0
3.765,TCP,1097,4916,15,46569,8080,0,2,4.79,Normal,0
0.004,TCP,457,12,308,52272,80,0,838,1907.82,DoS,1
1.502,TCP,1334,3394,35,22382,8080,0,7,11.2,Normal,0
7.793,UDP,1487,7229,24,52527,8080,0,6,9.39,Normal,0
6.852,TCP,1993,4517,28,62108,443,0,9,13.72,Normal,0
1.579,TCP,2908,2140,49,36783,80,1,55,106.96,Bot Activity,1
0.344,TCP,512,4854,34,45701,80,0,4,6.38,Normal,0
0.243,TCP,49,74,2,53211,21,1,43,75.13,Port Scan,1
3.028,TCP,1635,6108,24,29759,53,0,10,13.81,Normal,0
1.596,TCP,1137,4401,11,5557,8080,0,7,5.26,Normal,0
0.46,TCP,421,150,15,10146,3389,10,35,81.78,Brute Force,1
1.104,TCP,1491,5514,30,16886,53,0,5,5.45,Normal,0
2.929,UDP,666,5804,38,47898,8080,0,5,12.42,Normal,0
8.568,TCP,3752,5655,58,5872,443,1,50,117.37,Bot Activity,1
2.231,TCP,1651,6696,25,40211,8080,0,3,2.24,Normal,0
4.016,TCP,994,4218,30,36045,8080,0,3,7.91,Normal,0
0.04,TCP,563,45,599,52845,443,0,923,2005.42,DoS,1
3.952,UDP,686,3389,24,47007,80,0,12,14.85,Normal,0
0.293,ICMP,1065,5037,22,17293,53,0,7,6.28,Normal,0
0.053,TCP,593,46,256,41177,80,0,672,2238.19,DoS,1
3.059,UDP,271,3670,31,37936,8080,0,1,13.32,Normal,0
1.361,TCP,602,5001,19,22756,8080,0,7,10.88,Normal,0
2.304,TCP,881,5400,26,7487,53,0,2,10.93,Normal,0
0.28,UDP,960,5590,14,49970,443,0,11,9.86,Normal,0
0.009,UDP,771,36,688,26658,443,0,938,641.8,DoS,1
0.591,ICMP,1518,6744,30,51641,443,0,8,5.75,Normal,0
2.269,UDP,1299,3370,34,2634,8080,0,2,8.55,Normal,0
1.969,TCP,1350,3970,22,28286,80,0,4,9.35,Normal,0
3.124,TCP,1137,3971,27,62673,443,0,7,11.78,Normal,0
4.591,TCP,1407,2574,34,23508,8080,0,11,1.83,Normal,0
6.564,TCP,1404,2114,16,35176,8080,0,6,3.08,Normal,0
1.319,UDP,1214,4242,14,7422,8080,0,5,3.11,Normal,0
1.076,TCP,441,231,10,30676,3389,33,35,50.42,Brute Force,1
0.067,TCP,1045,1,762,5427,443,0,589,2532.96,DoS,1
9.332,TCP,4682,5073,51,3953,8080,1,46,110.14,Bot Activity,1
6.358,UDP,976,4031,21,8567,80,0,3,9.6,Normal,0
1.089,TCP,611,101,8,43490,22,20,50,71.01,Brute Force,1
3.198,TCP,1305,6323,11,45402,443,0,6,2.04,Normal,0
2.49,TCP,1451,4595,25,49553,443,0,3,1.86,Normal,0
2.277,TCP,2566,6935,43,37194,80,0,43,58.47,Bot Activity,1
0.833,TCP,848,2421,29,22716,8080,0,4,3.41,Normal,0
3.368,ICMP,1021,3652,41,16219,8080,0,7,9.44,Normal,0
0.279,TCP,1577,3463,10,13240,8080,0,1,7.31,Normal,0
0.208,TCP,651,201,9,49350,21,34,58,86.14,Brute Force,1
1.857,TCP,1673,4963,27,30488,8080,0,3,8.48,Normal,0
1.14,TCP,1196,5987,21,47210,443,0,8,2.43,Normal,0
0.232,TCP,1700,3099,17,50329,80,0,2,8.67,Normal,0
0.46,UDP,994,5232,7,53421,443,0,1,12.07,Normal,0
0.442,UDP,604,3528,24,13940,8080,0,1,5.8,Normal,0
1.371,TCP,955,5258,26,44980,8080,0,3,11.84,Normal,0
0.643,TCP,402,321,14,42909,3389,28,44,55.96,Brute Force,1
12.829,TCP,13761,28163,145,40148,25470,7,69,76.9,Suspicious Traffic,1
6.348,TCP,1742,4920,10,41087,8080,0,3,14.92,Normal,0
8.591,TCP,3909,3769,84,23826,443,0,51,113.05,Bot Activity,1
4.162,UDP,1429,2926,25,56436,8080,0,2,3.27,Normal,0
4.574,ICMP,1337,1552,31,54354,53,0,5,7.7,Normal,0
0.462,TCP,69,72,3,52023,22,1,104,267.6,Port Scan,1
2.392,TCP,1150,3568,6,21549,80,0,9,9.09,Normal,0
2.994,TCP,500,1849,25,8689,443,0,1,9.22,Normal,0
1.085,UDP,253,2970,19,10289,8080,0,4,10.24,Normal,0
3.744,TCP,1221,5907,22,10060,8080,0,2,3.89,Normal,0
1.865,TCP,1201,5823,24,32919,443,0,8,2.97,Normal,0
2.708,TCP,1172,2738,26,33114,53,0,3,12.1,Normal,0
1.928,UDP,915,3742,31,21641,8080,0,1,9.05,Normal,0
1.629,TCP,1008,5816,22,57747,53,0,8,11.17,Normal,0
2.532,TCP,1035,6710,36,32784,443,0,1,12.65,Normal,0
0.181,TCP,93,51,3,48401,1433,2,164,193.8,Port Scan,1
4.089,UDP,19833,5930,117,43824,32439,9,10,184.19,Suspicious Traffic,1
0.369,TCP,68,65,1,46112,8080,1,116,255.66,Port Scan,1
0.612,TCP,1712,8959,15,47564,8080,0,4,13.68,Normal,0
1.513,TCP,1309,3454,22,6442,80,0,5,1.02,Normal,0
3.699,TCP,1194,3657,31,15477,53,1,6,14.08,Normal,0
0.465,TCP,440,4008,7,15760,53,0,3,4.59,Normal,0
0.14,TCP,1124,4598,22,30996,8080,0,3,13.29,Normal,0
0.124,TCP,550,182,13,8444,22,33,65,74.28,Brute Force,1
1.803,UDP,2239,1913,31,18581,53,0,8,6.73,Normal,0
0.017,ICMP,234,0,901,50621,80,0,395,2324.25,DoS,1
1.045,TCP,795,188,14,50832,445,16,67,85.22,Brute Force,1
2.539,TCP,1885,4800,24,36830,443,0,8,5.7,Normal,0
1.378,TCP,1969,5538,11,7736,443,0,8,1.48,Normal,0
3.757,TCP,1450,6997,19,3137,8080,0,2,7.95,Normal,0
3.869,UDP,1700,4934,30,57530,80,0,5,4.04,Normal,0
0.191,TCP,62,14,2,55415,21,0,72,297.63,Port Scan,1
0.923,TCP,697,390,12,14779,3389,30,69,23.33,Brute Force,1
1.267,TCP,1527,4671,35,57454,8080,0,3,1.0,Normal,0
0.177,TCP,800,7790,8,10149,443,0,3,13.18,Normal,0
2.48,TCP,1152,3190,22,53810,80,0,4,1.04,Normal,0
0.387,TCP,1513,5056,12,35908,53,0,7,4.55,Normal,0
0.886,TCP,1435,241,14,12059,53,0,9,4.52,Normal,0
1.175,UDP,1505,6261,29,20203,53,0,1,8.99,Normal,0
2.096,TCP,1883,5278,27,63441,80,0,3,2.9,Normal,0
9.433,ICMP,1164,3466,24,50183,8080,0,1,12.62,Normal,0
6.708,TCP,2738,5619,48,19199,8080,2,54,82.45,Bot Activity,1
0.968,TCP,1116,6481,21,9340,443,0,1,12.46,Normal,0
4.974,UDP,1147,5362,19,47646,53,0,1,5.66,Normal,0
2.437,TCP,1702,5530,29,50928,8080,0,5,11.21,Normal,0
0.034,UDP,84,0,316,38867,53,0,280,1150.53,DoS,1
0.172,UDP,1320,5651,27,18635,8080,0,7,5.83,Normal,0
0.03,UDP,207,59,226,5974,53,0,379,1895.34,DoS,1
0.781,TCP,416,100,15,53099,22,8,73,90.79,Brute Force,1
0.238,TCP,80,10,2,54569,53,0,171,278.69,Port Scan,1
3.353,TCP,1821,5747,9,46553,53,0,4,13.28,Normal,0
0.451,TCP,105,79,1,49069,80,0,93,82.25,Port Scan,1
2.606,TCP,1357,4151,34,57969,80,0,7,6.83,Normal,0
2.506,TCP,1319,3329,14,31069,53,0,1,7.82,Normal,0
14.499,ICMP,11786,21627,52,53170,35025,1,84,155.65,Suspicious Traffic,1
1.411,TCP,350,4149,44,27089,443,0,6,9.87,Normal,0
2.13,TCP,1225,4129,33,55082,443,0,1,11.46,Normal,0
0.096,TCP,1486,43,679,22184,443,0,212,2653.08,DoS,1
4.64,TCP,851,7424,23,23160,443,0,4,7.16,Normal,0
1.766,TCP,1407,5925,23,32832,53,0,3,5.03,Normal,0
0.087,TCP,166,57,899,50980,80,0,883,2612.7,DoS,1
0.588,TCP,0,1742,8,4035,80,0,5,6.13,Normal,0
0.451,TCP,1385,5157,30,55859,8080,1,1,1.47,Normal,0
0.208,TCP,75,69,2,35176,445,0,76,168.91,Port Scan,1
5.022,TCP,1075,7396,7,30943,80,0,1,6.75,Normal,0
0.821,UDP,839,3859,12,29061,443,0,4,1.3,Normal,0
2.948,TCP,1863,4100,33,60623,443,0,2,9.37,Normal,0
4.861,TCP,1730,5758,33,20808,443,0,1,12.92,Normal,0
0.45,TCP,111,78,3,33058,3389,1,152,122.89,Port Scan,1
0.78,UDP,1333,5904,45,17434,80,0,4,9.5,Normal,0
1.294,TCP,1906,6099,29,60256,443,0,4,2.17,Normal,0
1.458,TCP,650,3269,3,42024,53,0,5,11.17,Normal,0
0.447,UDP,1119,5230,27,50519,443,0,6,4.3,Normal,0
0.019,TCP,453,19,563,7001,53,0,770,2815.52,DoS,1
7.818,UDP,1137,3756,29,7262,80,0,8,11.91,Normal,0
0.253,UDP,43,46,1,49453,21,2,199,163.97,Port Scan,1
0.337,TCP,119,57,1,44583,80,2,145,270.78,Port Scan,1
1.192,UDP,1292,6715,20,1553,53,0,3,11.34,Normal,0
0.407,TCP,483,123,14,57408,445,13,74,38.85,Brute Force,1
0.032,ICMP,467,61,148,46509,80,0,767,1830.28,DoS,1
0.732,UDP,1292,2480,20,32331,80,0,1,4.26,Normal,0
5.248,UDP,869,4741,16,6879,80,0,6,12.01,Normal,0
1.449,TCP,756,4805,30,25113,53,0,5,7.08,Normal,0
6.658,TCP,2272,3863,18,51714,443,0,5,12.5,Normal,0
0.288,UDP,876,4126,33,45401,443,0,5,13.43,Normal,0
8.809,TCP,1507,4281,79,37940,80,1,42,86.54,Bot Activity,1
5.971,TCP,1239,4489,11,41022,443,0,4,8.18,Normal,0
0.955,TCP,694,312,9,48370,21,13,40,21.54,Brute Force,1
0.257,TCP,454,270,8,42186,21,11,52,71.71,Brute Force,1
0.231,UDP,2082,4619,1,61311,8080,0,8,3.41,Normal,0
0.532,TCP,1444,2160,14,30017,443,0,6,12.11,Normal,0
0.361,TCP,444,381,15,7609,21,6,42,32.58,Brute Force,1
2.021,TCP,1870,4293,18,50337,80,0,2,5.85,Normal,0
0.425,TCP,70,23,3,44070,3389,4,102,158.24,Port Scan,1
4.425,UDP,597,6283,20,52869,443,0,2,4.58,Normal,0
7.353,TCP,1454,3959,12,43270,80,0,2,4.77,Normal,0
2.278,TCP,710,952,44,40412,53,0,5,14.19,Normal,0
0.372,TCP,2003,2934,29,46276,80,0,7,3.92,Normal,0
6.13,TCP,1435,4497,33,44174,53,0,7,4.53,Normal,0
0.315,TCP,1257,6518,29,40800,443,0,8,10.95,Normal,0
1.881,UDP,2128,3213,18,20393,80,0,6,1.92,Normal,0
0.26,UDP,1447,5033,19,53046,443,0,5,4.54,Normal,0
0.284,TCP,649,334,9,8413,21,9,57,63.54,Brute Force,1
0.356,TCP,82,54,3,49461,443,1,162,195.64,Port Scan,1
5.667,TCP,1532,5697,10,35646,80,0,10,5.63,Normal,0
2.168,TCP,1296,3223,33,62230,53,0,7,13.68,Normal,0
7.748,UDP,869,3760,4,57439,8080,0,1,9.06,Normal,0
3.566,TCP,1135,4134,25,45782,443,0,4,12.9,Normal,0
6.696,TCP,1612,5082,15,63576,80,1,1,13.68,Normal,0
0.098,ICMP,246,52,468,5450,80,0,992,1680.7,DoS,1
1.986,TCP,1049,4974,30,18207,443,1,8,6.73,Normal,0
5.01,UDP,2077,5933,24,4987,8080,0,2,3.71,Normal,0
2.807,UDP,670,3846,33,42219,8080,0,6,11.48,Normal,0
0.054,UDP,265,22,450,27388,80,0,609,2822.69,DoS,1
0.014,TCP,577,18,653,43003,53,0,922,2905.73,DoS,1
0.421,TCP,82,16,2,35003,53,2,98,141.01,Port Scan,1
4.996,TCP,4142,6504,45,6503,443,1,55,75.39,Bot Activity,1
2.93,TCP,1759,7348,80,6203,8080,3,45,114.62,Bot Activity,1
1.029,TCP,584,214,17,61378,21,24,52,41.97,Brute Force,1
0.418,TCP,97,58,2,35091,1433,1,144,114.76,Port Scan,1
1.434,TCP,1547,3105,20,22438,8080,0,9,10.87,Normal,0
7.625,TCP,1103,3226,30,51043,80,0,3,5.32,Normal,0
1.06,UDP,19102,5798,177,29696,47839,5,20,17.79,Suspicious Traffic,1
0.075,TCP,50,1,1,37819,80,0,50,142.22,Port Scan,1
0.033,UDP,198,42,385,17047,80,0,799,840.63,DoS,1
0.025,TCP,1428,37,429,61621,443,0,959,1322.69,DoS,1
14.5,TCP,1103,4878,26,8626,8080,0,10,14.73,Normal,0
0.163,TCP,1341,3869,24,4631,53,0,8,11.97,Normal,0
1.794,TCP,1003,4680,22,44151,443,0,5,10.19,Normal,0
4.558,TCP,514,4667,15,47417,443,0,8,11.14,Normal,0
3.591,TCP,1195,1756,16,11761,8080,0,7,4.65,Normal,0
0.413,UDP,1825,4463,33,35300,53,0,1,12.29,Normal,0
1.561,TCP,1123,1552,14,9343,53,0,1,10.37,Normal,0
0.761,UDP,1211,6197,5,8761,80,0,1,10.9,Normal,0
0.106,TCP,93,20,1,47165,443,2,124,286.79,Port Scan,1
2.782,TCP,994,3207,40,18257,80,0,5,5.5,Normal,0
0.84,TCP,1258,5228,29,34499,53,0,2,11.11,Normal,0
0.076,TCP,72,8,3,35468,3389,1,94,96.06,Port Scan,1
8.804,TCP,1762,4848,25,11334,53,0,3,6.57,Normal,0
0.142,TCP,500,339,12,59631,22,9,27,88.43,Brute Force,1
5.598,UDP,1200,3489,39,15993,80,1,1,12.11,Normal,0
2.134,UDP,1299,4063,30,57577,80,0,5,5.75,Normal,0
1.866,TCP,1264,6951,19,31942,53,0,4,9.71,Normal,0
0.924,UDP,1010,1735,15,10860,443,0,5,14.05,Normal,0
0.311,TCP,1336,8257,21,57221,80,0,5,4.98,Normal,0
0.188,TCP,727,127,16,60921,445,26,48,62.51,Brute Force,1
1.806,TCP,1383,7519,24,15738,53,0,9,5.2,Normal,0
2.707,UDP,1068,3966,38,61046,53,0,4,5.11,Normal,0
2.519,TCP,990,7722,24,6129,53,0,4,6.8,Normal,0
6.517,UDP,897,3245,8,45152,80,0,10,14.57,Normal,0
2.338,UDP,1142,4491,17,53738,80,0,1,14.52,Normal,0
0.095,UDP,568,57,983,5542,443,0,480,1151.39,DoS,1
0.618,TCP,1073,2769,29,57781,53,0,7,6.53,Normal,0
0.45,TCP,114,30,1,32830,1433,1,155,85.12,Port Scan,1
1.426,TCP,1661,2948,33,30958,80,0,2,8.86,Normal,0
1.378,TCP,572,5182,15,20134,53,0,6,9.35,Normal,0
0.076,UDP,807,57,629,16922,443,0,934,1866.31,DoS,1
0.729,TCP,1121,4034,22,25160,8080,0,7,7.53,Normal,0
0.053,TCP,1344,1,905,51873,80,0,240,2164.62,DoS,1
3.162,TCP,1151,6324,27,49027,443,0,3,7.85,Normal,0
0.139,TCP,1510,2425,17,62130,8080,1,5,14.56,Normal,0
0.027,TCP,1417,29,380,36515,443,0,592,2431.86,DoS,1
3.747,UDP,1640,4677,27,42702,80,0,1,7.29,Normal,0
0.828,TCP,1082,3806,34,1120,8080,0,2,1.68,Normal,0
0.118,TCP,46,24,1,33406,21,1,194,290.89,Port Scan,1
4.063,TCP,1857,4984,23,35746,443,0,1,8.09,Normal,0
1.549,TCP,1059,4859,32,64017,80,0,8,11.38,Normal,0
0.241,UDP,56,42,3,39169,443,1,49,298.22,Port Scan,1
0.218,TCP,1905,2721,1,3902,443,0,9,13.05,Normal,0
4.811,TCP,2103,6894,54,35087,443,2,57,44.76,Bot Activity,1
4.314,TCP,3761,2208,83,46955,443,1,43,111.68,Bot Activity,1
1.421,UDP,1136,5383,8,31070,80,0,3,10.25,Normal,0
3.956,TCP,1112,4074,27,34148,443,0,2,3.06,Normal,0
0.136,UDP,1030,5086,20,26869,80,0,9,4.35,Normal,0
0.592,UDP,1254,3403,3,5106,8080,0,4,9.12,Normal,0
0.268,TCP,1930,2641,18,9591,443,0,1,8.86,Normal,0
1.264,TCP,883,3673,14,56790,53,0,3,9.87,Normal,0
1.306,TCP,1285,2129,27,26777,53,0,6,11.42,Normal,0
0.036,TCP,957,12,612,18847,80,0,791,2459.1,DoS,1
1.896,TCP,1421,5516,8,5919,443,0,3,2.68,Normal,0
0.1,TCP,119,17,851,51497,53,0,435,642.25,DoS,1
1.494,UDP,970,1970,24,8166,443,0,2,10.75,Normal,0
0.98,UDP,572,3261,34,30487,8080,0,6,8.82,Normal,0
1.647,TCP,1990,5259,25,8937,53,0,3,9.24,Normal,0
2.859,TCP,1252,4421,11,14632,8080,0,1,9.34,Normal,0
14.755,TCP,18035,9861,190,18392,55869,1,61,209.01,Suspicious Traffic,1
0.187,UDP,396,5353,30,8883,80,0,1,3.91,Normal,0
2.63,UDP,1839,4804,32,45986,53,0,8,4.44,Normal,0
0.044,TCP,415,48,162,46695,53,0,317,2235.57,DoS,1
0.064,TCP,140,39,142,3668,80,0,690,1063.95,DoS,1
0.048,TCP,1289,16,375,55808,443,0,867,1271.98,DoS,1
1.168,TCP,664,5839,27,10745,80,0,4,14.83,Normal,0
4.154,UDP,1076,4287,26,64490,53,0,4,11.24,Normal,0
0.074,UDP,91,61,3,39792,53,0,149,54.77,Port Scan,1
0.321,TCP,51,61,1,35697,80,1,150,280.92,Port Scan,1
1.847,TCP,1319,2796,28,63421,8080,0,5,12.91,Normal,0
3.274,UDP,790,4473,36,37459,443,0,4,9.35,Normal,0
0.101,UDP,117,32,2,56011,22,0,60,245.51,Port Scan,1
3.88,TCP,1630,4165,31,8984,80,0,48,114.65,Bot Activity,1
2.141,TCP,1053,3793,18,5066,443,0,5,7.08,Normal,0
0.896,TCP,1341,5477,21,55005,8080,0,7,5.39,Normal,0
0.147,UDP,665,2886,11,42332,80,0,11,14.73,Normal,0
2.479,TCP,1189,4836,15,17987,80,1,5,11.26,Normal,0
1.588,UDP,1172,5149,28,5250,443,0,8,7.84,Normal,0
0.085,TCP,1200,6,840,30085,80,0,740,719.67,DoS,1
0.294,UDP,87,23,1,57763,3389,1,111,223.7,Port Scan,1
2.357,TCP,788,6686,5,9054,80,0,3,12.31,Normal,0
8.339,TCP,1126,5939,31,4343,443,0,4,2.38,Normal,0
0.989,ICMP,1536,7602,18,29412,8080,0,10,11.61,Normal,0
4.477,TCP,1271,1822,44,26107,8080,0,2,6.1,Normal,0
1.686,TCP,1271,2815,15,15096,443,0,1,4.91,Normal,0
7.15,TCP,2418,5870,80,30254,80,1,52,48.13,Bot Activity,1
0.694,TCP,411,222,17,3295,21,32,38,86.31,Brute Force,1
1.332,TCP,721,4911,8,43445,53,0,1,6.61,Normal,0
0.631,TCP,770,188,10,58878,445,20,28,47.81,Brute Force,1
5.407,TCP,1890,4751,71,5021,80,3,29,78.7,Bot Activity,1
0.036,TCP,1426,31,552,19360,443,0,696,508.84,DoS,1
4.253,TCP,2889,3044,52,10018,443,2,50,114.54,Bot Activity,1
3.184,TCP,1450,5843,10,14096,443,0,1,4.53,Normal,0
8.4,TCP,950,6269,18,53595,80,0,1,10.03,Normal,0
3.502,TCP,826,4331,24,52268,53,0,2,5.22,Normal,0
0.21,TCP,1278,6111,32,52237,8080,0,6,7.49,Normal,0
0.677,TCP,411,201,11,38095,3389,19,40,46.99,Brute Force,1
0.321,TCP,1074,3331,12,26477,53,0,6,13.43,Normal,0
0.673,TCP,662,209,6,21922,21,34,29,71.77,Brute Force,1
0.068,UDP,220,16,905,2945,443,0,772,2098.88,DoS,1
0.213,UDP,43,62,3,45456,1433,2,87,268.2,Port Scan,1
0.666,TCP,365,164,13,24449,21,20,27,45.47,Brute Force,1
3.138,UDP,1425,4762,26,64855,443,0,5,12.63,Normal,0
0.498,TCP,408,378,9,44073,21,22,61,43.47,Brute Force,1
0.177,TCP,695,280,12,18492,22,14,65,58.85,Brute Force,1
1.455,UDP,1301,5226,21,51097,443,0,7,6.34,Normal,0
2.543,TCP,1268,4447,22,65424,8080,0,8,11.18,Normal,0
0.364,TCP,1107,4430,20,56024,443,0,8,9.13,Normal,0
0.581,UDP,1414,4694,32,39856,53,0,3,14.98,Normal,0
4.064,UDP,1587,1671,30,46744,53,0,7,1.3,Normal,0
0.49,TCP,919,2951,31,2873,53,0,11,4.06,Normal,0
0.776,TCP,921,4414,16,37961,443,0,8,10.15,Normal,0
2.214,UDP,1145,4869,20,13361,8080,0,1,13.98,Normal,0
0.01,TCP,775,6,411,12530,443,0,318,2090.1,DoS,1
9.971,TCP,2813,5594,81,3512,80,0,46,69.75,Bot Activity,1
1.389,TCP,773,5763,17,4706,443,0,3,13.11,Normal,0
2.222,TCP,687,3940,19,2331,8080,1,6,2.45,Normal,0
0.112,TCP,64,38,2,36601,22,2,154,123.15,Port Scan,1
1.541,TCP,1234,2988,29,23356,443,0,6,4.02,Normal,0
1.873,UDP,1976,4638,26,56356,53,0,2,4.48,Normal,0
2.613,TCP,1086,3866,17,10705,443,0,3,8.64,Normal,0
0.068,TCP,870,45,755,56499,53,0,733,2677.03,DoS,1
0.058,TCP,985,52,105,57429,443,0,993,957.23,DoS,1
5.24,TCP,758,4395,13,63976,80,0,3,6.09,Normal,0
12.566,ICMP,1336,3630,20,62754,8080,0,3,8.22,Normal,0
0.726,UDP,1401,4158,17,23081,53,0,10,12.06,Normal,0
0.42,TCP,469,380,7,64979,21,11,31,82.96,Brute Force,1
17.607,UDP,1437,5074,35,49020,8080,0,6,4.66,Normal,0
2.492,TCP,1572,660,38,63982,8080,0,1,1.43,Normal,0
9.322,TCP,4773,4190,61,12441,8080,2,55,102.17,Bot Activity,1
2.177,UDP,1514,2379,30,64512,53,0,7,7.71,Normal,0
11.302,TCP,1479,5820,35,39622,443,0,7,7.36,Normal,0
1.677,TCP,954,3810,21,49128,53,0,6,2.94,Normal,0
3.11,TCP,786,4383,24,48789,80,0,6,10.02,Normal,0
1.177,TCP,1103,2117,52,63198,8080,0,2,12.45,Normal,0
0.335,TCP,82,7,2,48595,80,3,56,153.69,Port Scan,1
0.072,UDP,948,8,203,12957,53,0,238,1917.7,DoS,1
3.414,TCP,818,3695,27,21879,443,0,3,7.31,Normal,0
4.956,TCP,1875,4687,30,7847,8080,0,7,7.16,Normal,0
3.792,TCP,1451,4994,22,49871,80,0,6,3.63,Normal,0
3.579,TCP,863,3901,29,65406,53,0,2,1.28,Normal,0
4.751,UDP,950,4111,15,59045,80,0,9,1.64,Normal,0
0.469,TCP,1250,4757,2,44935,53,0,9,9.66,Normal,0
0.806,TCP,1074,5883,22,18405,443,0,8,6.62,Normal,0
3.071,UDP,829,5151,26,5467,53,0,2,6.62,Normal,0
8.689,UDP,1082,4418,30,8105,80,1,7,6.68,Normal,0
8.659,ICMP,896,4630,34,29744,8080,0,5,10.52,Normal,0
0.052,TCP,48,10,3,46157,8080,2,188,255.29,Port Scan,1
5.282,TCP,934,3257,37,24043,8080,0,1,10.46,Normal,0
0.426,TCP,555,300,6,32448,21,15,61,40.21,Brute Force,1
1.271,TCP,4853,3300,32,11684,443,0,50,98.96,Bot Activity,1
0.648,TCP,1774,4190,25,5855,80,0,4,11.23,Normal,0
10.342,UDP,3207,8340,69,21912,17114,7,135,184.39,Suspicious Traffic,1
1.392,TCP,641,5045,21,63393,80,0,4,3.65,Normal,0
2.904,TCP,2000,5848,9,12173,8080,0,3,7.67,Normal,0
0.073,UDP,697,42,129,5940,53,0,668,1884.44,DoS,1
0.663,UDP,560,3923,32,62749,80,0,9,11.82,Normal,0
3.473,UDP,682,2624,16,41240,8080,0,4,1.41,Normal,0
1.511,TCP,1508,3802,29,29292,443,0,4,14.36,Normal,0
1.126,TCP,653,368,8,29480,21,14,48,84.17,Brute Force,1
0.936,TCP,474,236,13,4534,22,23,40,61.44,Brute Force,1
2.264,TCP,1443,3595,10,22723,443,0,8,4.25,Normal,0
0.084,TCP,115,51,653,27847,53,0,280,1968.4,DoS,1
3.824,TCP,720,4255,33,37339,53,0,8,6.93,Normal,0
0.008,UDP,373,20,567,20515,80,0,826,2596.34,DoS,1
1.39,UDP,1497,3566,9,7310,80,0,9,1.02,Normal,0
0.91,TCP,1113,3596,36,37047,8080,0,6,3.57,Normal,0
1.344,TCP,1293,6514,25,24672,80,0,8,9.45,Normal,0
4.43,UDP,1638,5213,19,20328,8080,0,2,1.75,Normal,0
8.668,TCP,4696,7083,58,2711,80,2,58,77.72,Bot Activity,1
2.787,ICMP,1493,5894,32,12220,53,0,1,8.3,Normal,0
0.05,TCP,71,43,594,32060,80,0,464,922.43,DoS,1
0.364,TCP,942,1108,8,21233,8080,0,4,12.9,Normal,0
0.752,TCP,1007,4204,25,59671,53,0,3,9.67,Normal,0
3.692,TCP,869,5087,25,36684,8080,0,8,2.15,Normal,0
0.123,UDP,733,5415,14,59056,8080,0,8,9.0,Normal,0
3.695,TCP,4965,5796,44,30239,80,1,48,72.95,Bot Activity,1
0.562,UDP,1559,7366,28,18280,8080,0,4,14.45,Normal,0
0.303,UDP,1376,6265,26,15852,53,0,6,4.02,Normal,0
0.326,TCP,118,17,2,52821,443,1,100,271.98,Port Scan,1
2.55,UDP,1185,7355,30,6641,53,0,4,3.88,Normal,0
1.02,TCP,1312,4472,21,28156,443,0,7,6.92,Normal,0
0.018,TCP,105,70,3,56817,1433,1,41,149.85,Port Scan,1
6.037,UDP,1141,4086,42,28460,8080,0,7,10.16,Normal,0
0.373,TCP,1562,5275,41,16468,8080,0,2,3.8,Normal,0
5.575,ICMP,6830,19860,96,26898,59165,8,101,38.82,Suspicious Traffic,1
0.233,UDP,1143,4817,30,56988,80,0,5,7.95,Normal,0
1.75,UDP,1799,4319,9,60037,443,0,3,5.57,Normal,0
1.82,TCP,1068,6431,12,50648,8080,0,5,14.1,Normal,0
0.087,UDP,961,0,773,11980,80,0,273,1149.38,DoS,1
1.602,TCP,1233,4608,29,54008,443,0,10,14.45,Normal,0
3.448,TCP,1720,1802,27,28771,80,0,1,8.46,Normal,0
1.005,TCP,998,3750,42,29558,443,0,7,2.69,Normal,0
2.183,TCP,598,2056,29,42130,443,0,7,10.67,Normal,0
3.118,UDP,713,5786,8,17925,53,0,11,8.79,Normal,0
4.994,TCP,1089,4435,14,60936,80,0,1,6.26,Normal,0
4.907,TCP,16658,18436,183,37486,26042,1,96,47.24,Suspicious Traffic,1
4.476,TCP,741,956,23,37204,53,0,9,8.95,Normal,0
0.716,TCP,479,125,14,35083,445,18,37,33.78,Brute Force,1
1.189,TCP,688,188,8,61132,22,26,40,46.14,Brute Force,1
0.599,TCP,406,160,16,52572,445,13,60,47.96,Brute Force,1
1.272,TCP,1039,5256,25,8399,8080,0,4,3.96,Normal,0
0.266,TCP,1436,5354,18,38157,80,0,1,2.88,Normal,0
12.225,TCP,1822,4870,28,37901,80,0,6,1.23,Normal,0
2.76,TCP,1038,5733,39,57875,53,0,5,7.06,Normal,0
10.836,TCP,967,4703,29,18335,8080,0,7,6.66,Normal,0
2.339,TCP,994,3723,20,38513,8080,1,5,5.39,Normal,0
2.27,TCP,817,5797,31,19074,8080,0,4,4.05,Normal,0
0.366,TCP,1638,6571,24,40913,8080,1,8,2.88,Normal,0
2.815,TCP,1985,4998,33,59324,53,0,5,9.2,Normal,0
0.374,TCP,639,370,10,4255,445,24,73,42.81,Brute Force,1
0.014,UDP,850,31,379,61372,443,0,602,904.43,DoS,1
0.36,TCP,1115,3390,26,59812,53,1,3,10.58,Normal,0
2.849,TCP,218,4150,27,54593,53,0,2,7.93,Normal,0
1.705,UDP,1423,6190,49,56261,8080,0,1,6.39,Normal,0
1.318,TCP,1461,4722,19,45907,80,0,6,3.44,Normal,0
3.45,UDP,1205,4989,27,15964,443,0,8,13.24,Normal,0
0.325,TCP,85,57,2,55363,3389,0,46,169.76,Port Scan,1
0.305,TCP,1462,1707,20,18681,8080,0,4,3.31,Normal,0
4.724,TCP,1415,7055,32,6876,443,0,1,2.19,Normal,0
4.933,TCP,1274,4782,25,60887,8080,0,7,4.46,Normal,0
3.272,UDP,1729,858,23,50799,53,0,5,7.77,Normal,0
2.409,TCP,1592,4013,37,34793,443,0,7,3.11,Normal,0
0.018,TCP,247,28,898,47527,53,0,401,1434.38,DoS,1
0.062,UDP,371,45,304,27461,80,0,989,1899.72,DoS,1
0.068,TCP,60,11,2,47179,80,0,157,77.18,Port Scan,1
0.15,TCP,401,337,14,12411,21,7,67,56.56,Brute Force,1
0.531,TCP,1447,7478,26,58380,443,0,4,10.97,Normal,0
2.154,TCP,1380,4814,29,17375,80,0,6,8.98,Normal,0
0.714,TCP,758,5150,22,61189,53,0,1,4.26,Normal,0
6.516,UDP,1554,7172,11,18980,53,0,4,13.53,Normal,0
0.339,UDP,1023,2825,34,34128,8080,0,6,6.23,Normal,0
0.022,TCP,280,39,477,9143,53,0,690,2404.19,DoS,1
2.57,UDP,812,2427,32,3027,443,0,9,3.5,Normal,0
1.677,TCP,1154,6898,31,39956,8080,0,5,2.91,Normal,0
2.056,UDP,358,3489,16,58072,8080,0,3,12.08,Normal,0
4.723,TCP,4833,6942,58,23946,443,1,34,82.49,Bot Activity,1
3.079,TCP,1377,5150,17,11741,53,0,1,7.74,Normal,0
0.947,TCP,1088,4309,29,46169,80,0,1,3.06,Normal,0
0.491,TCP,857,4089,14,26358,80,0,3,6.23,Normal,0
0.994,TCP,1128,5629,18,38528,443,0,2,12.96,Normal,0
1.617,TCP,507,3910,25,43451,443,0,2,4.15,Normal,0
5.336,TCP,761,3565,30,18659,8080,0,8,7.55,Normal,0
1.117,ICMP,209,5251,40,57689,80,0,5,5.76,Normal,0
2.298,TCP,1456,5034,18,9696,443,0,4,14.42,Normal,0
2.54,TCP,632,4835,32,1579,443,0,6,8.74,Normal,0
0.402,TCP,689,2875,27,53787,53,0,11,3.34,Normal,0
5.938,UDP,8515,26157,82,47514,42123,4,11,222.71,Suspicious Traffic,1
0.199,UDP,1309,6045,37,19072,8080,0,5,12.01,Normal,0
0.056,ICMP,1494,7,864,56834,443,0,599,1468.92,DoS,1
0.244,TCP,1075,5103,31,31105,53,0,4,7.0,Normal,0
1.552,TCP,1674,5281,38,20826,8080,0,4,8.47,Normal,0
2.782,UDP,934,4630,19,1506,53,0,2,4.96,Normal,0
0.019,TCP,100,21,1,39262,53,1,181,71.34,Port Scan,1
4.833,TCP,943,1976,21,45878,80,0,7,14.97,Normal,0
0.17,UDP,1031,2253,32,23063,53,0,9,4.33,Normal,0
6.616,UDP,1072,4727,16,57483,53,0,6,8.16,Normal,0
6.442,TCP,1194,4205,16,47627,53,0,5,2.54,Normal,0
7.143,TCP,1064,5897,27,34926,443,0,1,9.92,Normal,0
0.099,TCP,116,51,3,56291,8080,1,196,195.53,Port Scan,1
0.095,UDP,852,0,136,44313,443,0,360,965.02,DoS,1
1.009,TCP,848,4238,26,45639,443,0,4,8.52,Normal,0
2.616,UDP,1962,3033,43,43977,8080,0,2,3.48,Normal,0
10.052,TCP,1138,5570,25,18026,8080,0,3,4.84,Normal,0
4.399,TCP,938,5873,37,49307,80,0,1,9.54,Normal,0
6.254,TCP,1614,4086,26,38514,443,0,1,14.31,Normal,0
4.345,TCP,890,3701,43,47776,443,0,4,4.18,Normal,0
1.15,ICMP,871,6935,19,42857,8080,0,1,3.38,Normal,0
6.031,ICMP,1019,1497,18,45056,53,0,2,3.81,Normal,0
0.884,TCP,617,216,16,56430,21,11,76,22.57,Brute Force,1
1.156,TCP,1902,4261,11,56117,443,0,5,10.17,Normal,0
0.467,TCP,51,55,3,54278,53,1,67,266.7,Port Scan,1
6.572,UDP,1658,1627,34,48550,443,0,8,5.95,Normal,0
0.359,TCP,530,241,10,59980,3389,20,25,28.98,Brute Force,1
0.473,TCP,88,57,3,37282,3389,0,47,50.47,Port Scan,1
0.791,TCP,1131,4280,48,15661,53,0,7,8.61,Normal,0
1.06,TCP,708,3882,43,59145,53,0,6,8.45,Normal,0
1.325,UDP,1486,3210,20,39400,53,0,9,5.16,Normal,0
0.345,TCP,1174,4382,36,8743,8080,0,5,4.3,Normal,0
9.594,TCP,4856,7025,51,42600,8080,0,40,82.49,Bot Activity,1
0.1,UDP,559,11,104,39056,53,0,607,1888.8,DoS,1
0.655,TCP,758,288,16,5692,445,27,74,26.84,Brute Force,1
4.752,TCP,1189,3260,18,59314,443,0,3,14.17,Normal,0
0.866,TCP,419,135,16,57877,445,13,46,38.73,Brute Force,1
3.248,TCP,1696,4114,35,35748,53,0,7,10.44,Normal,0
0.565,TCP,1904,4311,5,58096,443,0,2,5.11,Normal,0
0.872,TCP,1081,4353,30,14151,53,0,2,5.56,Normal,0
0.361,TCP,86,76,1,59708,445,3,92,93.11,Port Scan,1
3.214,TCP,1960,5089,36,10411,53,0,4,11.8,Normal,0
2.526,TCP,1427,4607,22,12844,80,0,7,5.08,Normal,0
2.001,TCP,764,3473,17,42380,443,0,4,8.24,Normal,0
2.022,UDP,1816,6500,32,4826,80,0,5,14.05,Normal,0
1.012,TCP,1396,2803,15,14747,443,0,5,3.77,Normal,0
5.564,TCP,748,6408,9,11408,8080,0,11,10.23,Normal,0
1.8,TCP,1291,4370,19,52126,80,0,2,8.14,Normal,0
0.042,UDP,1293,19,453,29448,53,0,485,2582.14,DoS,1
1.022,TCP,472,7302,11,29166,8080,0,5,7.03,Normal,0
5.886,TCP,1341,5855,21,32311,8080,1,7,4.6,Normal,0
1.201,TCP,1603,2228,27,36006,443,0,4,12.37,Normal,0
4.889,TCP,1215,4271,47,63288,80,0,1,13.59,Normal,0
6.71,TCP,4174,2502,39,50625,8080,1,34,72.91,Bot Activity,1
2.437,TCP,754,5149,23,13514,80,0,3,4.24,Normal,0
0.006,TCP,851,30,141,42095,53,0,205,2970.17,DoS,1
0.189,TCP,77,21,2,52725,3389,2,174,80.39,Port Scan,1
0.195,TCP,1167,5753,28,21478,443,0,6,14.07,Normal,0
4.625,TCP,1315,5038,36,34011,53,0,3,4.67,Normal,0
0.385,UDP,1273,1719,29,55016,80,0,4,5.69,Normal,0
1.041,TCP,517,213,14,20084,445,31,42,20.64,Brute Force,1
0.788,TCP,708,236,15,48724,3389,16,67,67.69,Brute Force,1
0.018,TCP,1259,1,200,29445,53,0,992,1200.99,DoS,1
3.147,ICMP,14680,9663,72,9793,22462,2,84,212.43,Suspicious Traffic,1
1.561,TCP,609,5352,21,60098,8080,0,1,1.37,Normal,0
2.995,TCP,1364,5653,26,13373,443,0,4,14.88,Normal,0
2.97,TCP,1648,4205,19,61200,8080,1,2,7.24,Normal,0
0.194,TCP,114,7,2,34299,21,1,145,91.05,Port Scan,1
0.422,UDP,1761,4867,34,49133,80,0,1,7.93,Normal,0
7.728,TCP,4056,2278,62,12099,80,1,56,56.87,Bot Activity,1
1.425,TCP,1641,4766,19,25049,80,0,7,8.67,Normal,0
6.27,TCP,569,3224,8,42989,53,0,4,6.25,Normal,0
1.018,TCP,452,240,16,41862,22,6,75,72.94,Brute Force,1
0.072,TCP,1414,57,413,39948,80,0,289,2260.39,DoS,1
0.449,TCP,44,11,2,51416,80,1,103,196.04,Port Scan,1
0.165,UDP,78,65,3,33794,8080,0,80,284.95,Port Scan,1
3.268,TCP,1572,2549,35,30143,8080,0,10,2.4,Normal,0
6.306,TCP,2673,6135,154,17588,31091,2,60,107.26,Suspicious Traffic,1
0.017,TCP,1369,52,975,47022,80,0,246,890.44,DoS,1
2.975,TCP,992,4253,34,14492,80,0,10,2.58,Normal,0
0.021,UDP,1334,37,322,44387,80,0,447,2714.37,DoS,1
3.528,ICMP,652,3460,27,44441,53,0,8,13.23,Normal,0
0.841,TCP,604,114,16,46947,21,12,30,29.63,Brute Force,1
2.805,TCP,1382,5447,46,28473,80,0,2,10.64,Normal,0
1.714,TCP,2004,5703,39,41506,80,0,7,10.0,Normal,0
2.963,TCP,2024,6544,24,52455,80,0,5,6.52,Normal,0
0.283,UDP,1448,2359,22,40936,443,0,10,13.27,Normal,0
0.938,UDP,1137,4750,4,55518,443,0,7,13.44,Normal,0
1.047,UDP,1279,4801,39,27878,53,0,5,3.51,Normal,0
10.414,TCP,1181,6681,29,36947,8080,0,1,2.2,Normal,0
3.626,TCP,2292,2774,86,46127,443,1,48,77.45,Bot Activity,1
0.391,TCP,1043,6496,29,22691,443,1,3,2.71,Normal,0
0.694,TCP,932,6053,24,45041,80,0,2,11.47,Normal,0
0.721,UDP,992,5266,18,55762,8080,0,1,5.45,Normal,0
8.102,TCP,4034,3115,84,6928,8080,2,22,109.05,Bot Activity,1
0.311,TCP,916,4903,36,5943,80,0,7,3.98,Normal,0
0.911,TCP,923,3605,6,43252,443,0,7,12.48,Normal,0
1.662,TCP,925,4457,16,65072,53,0,4,9.29,Normal,0
0.31,TCP,584,344,15,4307,22,16,34,41.06,Brute Force,1
0.384,TCP,920,3279,35,54317,443,0,2,6.99,Normal,0
0.963,TCP,764,326,6,56877,3389,16,76,99.5,Brute Force,1
2.475,TCP,1554,3212,25,24632,53,0,5,12.91,Normal,0
0.193,TCP,1552,4123,18,8620,80,0,1,8.39,Normal,0
6.078,TCP,1652,4132,34,59371,80,1,3,2.71,Normal,0
7.632,UDP,1831,2582,25,10094,443,0,2,3.0,Normal,0
5.653,TCP,1228,6520,44,59648,8080,0,6,7.04,Normal,0
0.371,UDP,1089,4393,32,18608,80,0,6,2.75,Normal,0
4.418,UDP,955,5389,42,23485,443,0,1,3.24,Normal,0
0.931,TCP,1744,4570,27,27255,8080,0,5,12.66,Normal,0
1.106,TCP,1156,4083,31,26303,8080,0,13,10.16,Normal,0
0.75,TCP,1101,5137,18,43547,443,0,1,2.95,Normal,0
2.834,UDP,896,5183,19,46649,80,0,4,1.25,Normal,0
0.829,TCP,1414,4956,10,56360,443,0,2,6.41,Normal,0
0.357,TCP,1587,6086,37,60743,8080,0,1,8.23,Normal,0
0.033,TCP,96,46,1,35939,8080,0,57,181.17,Port Scan,1
0.468,TCP,489,380,8,52088,3389,26,22,39.72,Brute Force,1
2.141,TCP,1330,6268,32,41090,80,0,4,1.98,Normal,0
9.436,ICMP,6744,18594,60,58693,54955,9,130,46.18,Suspicious Traffic,1
0.345,TCP,1282,4306,23,48687,443,0,2,8.45,Normal,0
0.1,UDP,1458,50,966,33014,80,0,765,699.41,DoS,1
2.7,TCP,1421,2064,32,59194,8080,0,7,14.5,Normal,0
7.86,TCP,3321,3225,62,5175,443,1,55,102.13,Bot Activity,1
2.389,TCP,848,3022,23,43949,53,1,6,1.13,Normal,0
0.418,TCP,1265,3386,19,57932,443,0,1,13.07,Normal,0
6.283,TCP,1782,3617,23,44923,53,0,11,12.07,Normal,0
0.039,UDP,783,62,847,46129,53,0,929,1135.85,DoS,1
0.392,TCP,404,383,6,41541,22,28,46,75.26,Brute Force,1
0.586,TCP,1009,9200,12,29392,443,0,5,7.49,Normal,0
1.781,TCP,882,1855,35,44521,8080,0,5,3.23,Normal,0
1.591,TCP,1696,4789,39,55186,80,1,8,10.52,Normal,0
1.102,TCP,655,8156,15,62259,443,0,6,12.77,Normal,0
5.649,TCP,1575,4676,15,31780,8080,0,3,7.24,Normal,0
1.976,TCP,1318,6007,12,5931,8080,0,1,6.36,Normal,0
1.559,TCP,833,5764,30,22710,53,0,9,2.53,Normal,0
0.205,UDP,443,5300,24,15620,8080,0,1,8.35,Normal,0
0.485,TCP,74,32,2,45043,445,1,95,231.24,Port Scan,1
0.954,TCP,967,3111,1,53536,8080,0,3,2.48,Normal,0
1.399,TCP,4124,2428,58,33691,443,0,21,45.7,Bot Activity,1
1.912,TCP,609,4178,41,21738,80,0,4,8.3,Normal,0
0.814,UDP,1080,3183,20,49864,80,0,3,3.14,Normal,0
0.073,UDP,386,32,568,28048,80,0,672,650.21,DoS,1
7.249,ICMP,206,7434,25,37537,35986,7,115,209.8,Suspicious Traffic,1
0.061,UDP,86,6,183,1036,80,0,770,673.95,DoS,1
1.7,TCP,1151,4705,37,52915,53,0,3,1.43,Normal,0
0.41,TCP,114,70,1,51449,445,1,81,73.56,Port Scan,1
5.302,TCP,434,7165,29,63307,53,0,4,5.15,Normal,0
1.462,TCP,1746,4430,29,4581,443,0,3,11.14,Normal,0
1.679,UDP,1470,5366,30,22781,8080,0,8,7.41,Normal,0
0.093,TCP,138,61,349,24833,53,0,898,1471.99,DoS,1
0.31,TCP,1169,2007,33,30682,80,0,1,8.31,Normal,0
1.923,TCP,1321,3616,26,44207,443,1,4,14.0,Normal,0
14.117,UDP,16754,26494,95,24299,54388,4,134,214.31,Suspicious Traffic,1
3.654,TCP,1718,4380,27,42552,53,0,4,3.12,Normal,0
1.512,UDP,1713,4344,16,25528,80,1,7,14.28,Normal,0
5.814,TCP,108,4507,20,11783,8080,0,1,3.7,Normal,0
0.618,TCP,1326,6549,27,48004,8080,0,7,10.65,Normal,0
0.23,TCP,95,5,3,36145,443,1,162,53.16,Port Scan,1
0.268,UDP,1484,5371,25,61987,8080,0,4,10.87,Normal,0
2.723,TCP,1159,2498,15,55062,443,0,6,3.59,Normal,0
0.782,TCP,1857,2820,39,8087,8080,1,4,11.07,Normal,0
0.225,UDP,1221,4203,27,42525,80,0,5,13.42,Normal,0
1.261,TCP,884,2913,25,30549,8080,0,6,14.83,Normal,0
1.63,TCP,1071,4071,12,63689,443,0,4,6.09,Normal,0
1.624,TCP,912,4106,28,1309,80,0,4,5.6,Normal,0
0.084,ICMP,1198,42,870,29389,53,0,260,1657.08,DoS,1
11.659,TCP,15594,26247,142,32674,60580,8,34,206.85,Suspicious Traffic,1
0.351,UDP,996,0,30,34339,443,0,1,8.72,Normal,0
1.14,TCP,1601,3145,31,12405,443,0,6,8.99,Normal,0
3.685,TCP,1301,3114,11,44116,53,0,8,13.58,Normal,0
0.681,TCP,795,4228,27,26234,8080,0,3,6.7,Normal,0
0.064,TCP,88,35,1,54981,21,1,172,207.99,Port Scan,1
0.458,TCP,2118,4315,22,18955,8080,0,1,3.58,Normal,0
1.133,TCP,1694,2300,5,64627,53,0,2,6.48,Normal,0
1.075,TCP,424,350,11,9765,21,26,44,91.52,Brute Force,1
2.065,ICMP,1391,4459,10,28074,53,0,1,3.73,Normal,0
3.471,UDP,1442,4079,11,36926,53,0,6,13.45,Normal,0
1.757,UDP,10306,20749,20,62334,36280,2,146,72.92,Suspicious Traffic,1
0.31,TCP,1184,4184,23,42481,443,0,2,1.56,Normal,0
0.022,TCP,1313,47,297,41930,53,0,257,2289.18,DoS,1
3.732,TCP,943,1460,29,20068,53,0,5,1.7,Normal,0
0.183,TCP,1079,5762,26,9719,443,0,6,14.08,Normal,0
0.214,TCP,415,218,8,46527,3389,5,29,92.78,Brute Force,1
1.113,TCP,4046,3855,52,47578,80,1,34,78.77,Bot Activity,1
1.667,UDP,1012,7074,28,50883,53,0,2,11.82,Normal,0
2.317,TCP,655,6295,27,39219,8080,0,6,4.89,Normal,0
4.786,TCP,1997,4923,18,59605,53,0,6,8.91,Normal,0
0.097,UDP,1476,36,498,28706,80,0,641,789.28,DoS,1
1.633,UDP,1423,6640,14,35282,80,1,3,5.87,Normal,0
0.139,UDP,74,30,3,51962,80,2,109,85.84,Port Scan,1
0.549,TCP,1000,3693,27,14125,53,0,2,14.87,Normal,0
0.006,TCP,1297,8,862,11572,443,0,674,2828.25,DoS,1
0.068,UDP,370,7,473,45811,443,0,349,756.04,DoS,1
5.024,TCP,951,1953,11,10621,80,0,5,14.5,Normal,0
1.946,TCP,1700,4420,18,20367,443,0,1,1.29,Normal,0
1.466,UDP,6266,17630,137,3142,23507,3,75,133.87,Suspicious Traffic,1
0.91,TCP,946,5358,33,54373,8080,0,9,3.58,Normal,0
1.415,TCP,1402,7774,32,57912,443,0,7,9.65,Normal,0
0.468,TCP,740,284,15,37808,445,9,33,63.39,Brute Force,1
3.089,TCP,1395,5886,14,16596,53,0,7,14.78,Normal,0
0.079,TCP,833,8,584,4103,443,0,316,1882.59,DoS,1
1.337,TCP,985,5211,19,26423,8080,0,9,13.22,Normal,0
0.156,UDP,1281,4086,20,64976,53,0,1,11.66,Normal,0
4.343,TCP,4402,3144,78,4550,80,1,23,60.71,Bot Activity,1
1.307,TCP,1209,4068,33,49762,53,0,5,8.08,Normal,0
1.695,TCP,1149,3579,25,57965,8080,0,3,5.3,Normal,0
0.461,UDP,1657,2132,22,60760,53,0,2,4.52,Normal,0
0.085,UDP,811,59,939,36847,53,0,975,813.45,DoS,1
2.923,TCP,1521,4059,37,40568,443,0,6,6.98,Normal,0
1.522,TCP,820,4683,26,64220,443,0,1,8.52,Normal,0
3.795,TCP,1799,5602,25,12652,80,0,3,13.38,Normal,0
1.399,UDP,964,1353,24,12414,80,0,8,8.2,Normal,0
0.074,TCP,88,30,873,29107,443,0,916,2890.57,DoS,1
0.058,TCP,1176,47,584,37502,443,0,269,2815.2,DoS,1
1.229,TCP,770,5468,19,9549,443,0,7,3.61,Normal,0
3.379,ICMP,496,5226,30,17737,80,0,7,14.59,Normal,0
1.763,TCP,1401,2313,6,47535,443,1,1,6.08,Normal,0
1.946,TCP,907,2221,25,61883,53,0,1,10.69,Normal,0
4.171,TCP,1750,4626,42,51727,53,0,3,7.08,Normal,0
3.67,TCP,738,3486,12,38555,53,0,3,9.11,Normal,0
0.965,TCP,482,396,13,47403,3389,19,24,77.16,Brute Force,1
0.184,TCP,111,40,2,36025,1433,0,106,265.6,Port Scan,1
1.338,TCP,1013,3336,16,5493,443,0,8,11.69,Normal,0
1.969,TCP,1407,3773,22,36220,8080,0,4,11.26,Normal,0
1.155,TCP,853,4481,21,15521,443,0,6,3.85,Normal,0
2.179,TCP,1585,4433,19,22721,53,0,1,6.55,Normal,0
6.391,TCP,1120,3650,30,63304,8080,0,1,1.41,Normal,0
2.07,TCP,801,4697,23,55006,80,0,5,13.92,Normal,0
3.906,TCP,712,6258,45,23700,8080,0,5,9.24,Normal,0
0.27,TCP,1071,4571,16,43116,443,0,2,4.5,Normal,0
2.28,UDP,1472,4226,31,45756,53,0,5,12.67,Normal,0
0.184,TCP,59,17,3,33715,8080,4,140,154.69,Port Scan,1
0.198,TCP,877,7189,21,17840,53,1,7,2.86,Normal,0
0.841,TCP,420,260,10,34898,3389,23,26,50.79,Brute Force,1
0.575,TCP,466,223,13,34730,445,5,73,80.45,Brute Force,1
0.18,TCP,111,51,3,39713,21,0,63,133.08,Port Scan,1
2.006,TCP,1683,4744,19,22017,80,0,2,13.44,Normal,0
2.289,TCP,646,4836,25,11995,80,0,5,8.92,Normal,0
4.079,TCP,1848,3917,8,14838,443,0,5,10.4,Normal,0
7.927,TCP,3614,7943,45,28825,80,0,16,95.41,Bot Activity,1
0.064,ICMP,1066,23,263,14497,53,0,939,758.99,DoS,1
1.042,TCP,706,5503,23,55337,8080,0,7,10.48,Normal,0
0.345,TCP,112,18,1,54474,22,0,180,293.32,Port Scan,1
3.056,TCP,1433,3058,24,2581,8080,0,2,10.28,Normal,0
0.599,TCP,615,261,6,3507,22,7,48,79.51,Brute Force,1
2.877,TCP,1071,4438,21,5825,80,0,4,10.69,Normal,0
2.504,TCP,1421,2504,19,17534,80,0,5,5.79,Normal,0
1.348,TCP,275,3601,21,15943,53,0,3,2.4,Normal,0
0.249,TCP,597,202,8,30589,445,7,24,72.43,Brute Force,1
0.468,UDP,1358,3858,26,29403,53,1,1,2.79,Normal,0
2.142,TCP,1189,3342,8,45150,80,0,4,13.9,Normal,0
5.09,TCP,818,3699,15,43061,80,0,4,7.17,Normal,0
0.732,TCP,1599,5810,34,39403,80,0,4,14.53,Normal,0
2.732,TCP,535,3188,14,5782,53,0,7,1.49,Normal,0
1.269,TCP,1883,6181,38,7980,53,0,2,7.86,Normal,0
1.406,TCP,1651,3162,16,20774,80,0,3,7.66,Normal,0
0.515,TCP,734,216,10,61756,445,8,48,84.42,Brute Force,1
1.119,TCP,342,181,15,26021,445,27,24,29.41,Brute Force,1
3.826,TCP,1354,438,27,54903,80,0,1,14.71,Normal,0
0.935,TCP,934,2437,27,35986,443,0,1,9.92,Normal,0
1.523,TCP,190,4048,31,26649,53,0,7,2.88,Normal,0
6.069,TCP,2218,7068,19,10467,53,0,1,13.12,Normal,0
9.935,TCP,4857,2035,32,60935,8080,0,30,105.54,Bot Activity,1
0.019,UDP,1381,29,193,43488,443,0,566,1439.49,DoS,1
1.544,TCP,1206,4770,31,63768,80,0,4,3.18,Normal,0
4.226,TCP,941,5770,25,37402,443,0,3,3.75,Normal,0
0.805,TCP,761,334,8,1354,445,13,53,30.27,Brute Force,1
2.751,UDP,1127,5150,33,36227,80,0,6,6.73,Normal,0
7.811,UDP,1493,3455,14,50065,53,0,6,5.99,Normal,0
0.974,TCP,652,2083,16,60376,443,0,5,11.34,Normal,0
1.737,ICMP,1706,2503,33,15494,53,0,4,12.85,Normal,0
3.042,TCP,1160,4959,19,12910,80,0,7,9.86,Normal,0
13.213,TCP,10954,10462,89,62128,64886,2,19,248.41,Suspicious Traffic,1
0.09,TCP,40,13,3,45114,1433,0,77,239.33,Port Scan,1
3.917,UDP,1317,2245,14,5818,53,0,6,14.67,Normal,0
0.248,UDP,1870,5589,37,17454,80,0,5,1.46,Normal,0
1.686,TCP,878,6837,32,39074,8080,0,6,6.53,Normal,0
0.746,TCP,1197,4032,31,24430,443,0,5,6.34,Normal,0
0.757,TCP,763,219,9,16395,22,32,48,73.9,Brute Force,1
10.956,UDP,1562,3084,31,19711,80,0,3,3.07,Normal,0
4.009,TCP,1375,6036,11,21851,8080,0,1,13.96,Normal,0
3.055,UDP,1284,5128,33,41417,53,0,5,12.61,Normal,0
0.026,TCP,69,50,2,48574,3389,0,63,188.25,Port Scan,1
0.763,TCP,1174,6741,21,53958,53,0,4,7.99,Normal,0
0.818,TCP,416,231,16,12076,22,15,39,44.8,Brute Force,1
0.283,TCP,110,24,3,55744,21,1,104,170.7,Port Scan,1
1.072,TCP,1480,3074,26,47699,8080,0,7,9.56,Normal,0
5.097,TCP,1294,4584,40,24584,443,0,6,7.23,Normal,0
4.094,TCP,1169,4620,50,22754,8080,0,6,7.41,Normal,0
1.677,TCP,405,3192,9,24535,53,0,6,14.84,Normal,0
0.64,TCP,1405,7383,29,8157,443,0,3,6.16,Normal,0
4.502,TCP,1304,5699,32,6397,53,0,6,1.77,Normal,0
0.775,TCP,334,252,6,10200,21,24,40,51.0,Brute Force,1
0.25,TCP,47,30,1,59043,443,0,41,95.33,Port Scan,1
2.032,UDP,1932,5038,37,48697,80,0,2,9.69,Normal,0
0.638,TCP,731,7373,22,56703,80,0,6,2.02,Normal,0
5.53,TCP,709,5511,39,38963,8080,0,5,13.14,Normal,0
1.202,TCP,467,4863,19,14968,80,0,7,14.88,Normal,0
0.879,TCP,330,371,15,36641,445,25,67,76.79,Brute Force,1
1.907,TCP,1467,4880,22,43879,443,0,3,13.63,Normal,0
2.753,TCP,585,7136,22,15659,53,0,4,11.42,Normal,0
0.339,TCP,91,19,1,32967,8080,2,56,65.68,Port Scan,1
4.184,UDP,1223,5844,31,24871,80,0,3,3.99,Normal,0
0.764,TCP,843,3811,35,56598,443,0,4,8.99,Normal,0
0.02,TCP,890,29,694,10224,443,0,835,2378.27,DoS,1
4.584,TCP,2222,5305,36,11459,80,0,24,68.71,Bot Activity,1
0.181,TCP,1813,5716,17,38141,443,0,5,5.08,Normal,0
4.728,UDP,965,2842,25,32711,53,1,6,12.22,Normal,0
0.689,UDP,1652,6241,45,50928,8080,0,10,11.3,Normal,0
1.188,UDP,1381,1683,5,18349,53,0,1,12.8,Normal,0
0.904,TCP,531,197,13,44841,21,17,57,59.87,Brute Force,1
5.433,TCP,639,4410,20,34965,53,0,6,9.87,Normal,0
1.398,UDP,1391,3032,21,61180,8080,0,1,8.57,Normal,0
2.406,TCP,934,2198,20,3640,53,0,6,3.82,Normal,0
8.899,UDP,1083,1147,32,64492,53,0,1,11.04,Normal,0
5.271,TCP,1338,2986,32,18281,443,0,4,6.49,Normal,0
2.73,TCP,769,3064,28,25831,53,0,1,3.27,Normal,0
7.231,TCP,18601,3546,50,59891,54754,3,86,198.25,Suspicious Traffic,1
2.75,TCP,1903,6678,26,6126,53,0,1,1.17,Normal,0
3.089,TCP,1173,5561,32,60482,443,0,4,4.26,Normal,0
4.039,TCP,987,4523,14,24152,53,0,6,14.04,Normal,0
0.356,TCP,58,70,2,49798,80,1,160,193.64,Port Scan,1
1.399,TCP,688,2182,49,33913,443,0,3,8.99,Normal,0
3.573,UDP,775,3747,43,16097,80,0,6,10.5,Normal,0
0.495,UDP,626,3925,23,19428,443,0,2,9.65,Normal,0
0.482,TCP,52,78,2,49727,443,2,95,271.02,Port Scan,1
0.352,TCP,111,35,2,43586,3389,1,53,242.86,Port Scan,1
3.264,UDP,901,4070,28,48227,80,0,1,14.2,Normal,0
0.399,TCP,927,6730,15,32404,8080,0,8,12.05,Normal,0
0.84,UDP,493,5097,26,11592,8080,1,6,4.09,Normal,0
5.207,TCP,1492,2620,36,3852,443,0,6,3.49,Normal,0
0.023,TCP,95,76,1,50628,1433,0,133,233.1,Port Scan,1
2.829,UDP,1577,6019,32,3593,443,0,4,4.88,Normal,0
1.232,TCP,1396,5238,39,17950,443,0,6,3.55,Normal,0
5.066,TCP,1522,2871,27,27596,80,0,7,5.86,Normal,0
3.589,TCP,1121,2272,8,48733,53,0,8,5.18,Normal,0
0.183,TCP,2208,6546,1,15219,8080,0,4,4.53,Normal,0
0.473,TCP,1385,4222,13,31919,8080,0,1,12.16,Normal,0
0.603,ICMP,956,4511,23,55443,8080,0,8,3.29,Normal,0
0.033,TCP,1044,22,665,53100,53,0,908,2493.43,DoS,1
0.949,TCP,1162,1225,14,54794,443,0,4,3.29,Normal,0
2.164,TCP,1885,4351,20,34501,53,0,9,2.74,Normal,0
1.301,TCP,1191,4622,23,45955,53,0,12,3.0,Normal,0
2.557,TCP,1009,4441,34,40119,80,0,1,5.6,Normal,0
1.569,TCP,1790,6706,37,26286,443,0,1,5.14,Normal,0
10.289,TCP,1177,1720,35,14286,8080,0,1,10.86,Normal,0
0.347,TCP,66,8,1,35813,445,0,61,56.12,Port Scan,1
9.289,TCP,1676,3038,38,60112,8080,0,24,115.4,Bot Activity,1
0.695,TCP,971,7009,19,40334,80,0,3,7.2,Normal,0
0.391,TCP,455,279,8,35852,22,20,20,94.69,Brute Force,1
3.116,UDP,1700,4315,21,7132,8080,0,3,10.2,Normal,0
0.089,UDP,818,21,982,60137,53,0,455,2360.47,DoS,1
2.445,TCP,1230,5233,41,36367,80,0,6,11.43,Normal,0
0.001,TCP,742,1,977,51806,53,0,377,1681.66,DoS,1
1.946,TCP,1151,3995,27,43573,8080,0,1,14.82,Normal,0
1.193,TCP,784,246,14,25298,22,30,54,20.61,Brute Force,1
0.333,TCP,92,13,1,44056,21,0,193,66.88,Port Scan,1
5.225,UDP,578,3119,13,62525,8080,0,5,11.31,Normal,0
0.851,TCP,1546,3112,32,26009,53,0,4,1.72,Normal,0
0.021,TCP,53,79,2,54954,443,1,174,291.36,Port Scan,1
2.149,TCP,1176,4654,9,28909,443,0,8,4.04,Normal,0
2.524,UDP,1487,1462,14,51216,443,0,10,13.65,Normal,0
0.434,TCP,901,3836,43,6518,53,0,4,9.57,Normal,0
8.36,TCP,4541,5250,49,36658,443,1,34,59.46,Bot Activity,1
1.976,TCP,806,4764,12,17920,443,1,5,10.29,Normal,0
4.823,UDP,1579,6092,18,49760,80,0,5,10.18,Normal,0
1.685,TCP,1168,4705,26,8747,80,0,4,12.34,Normal,0
6.014,TCP,1384,7186,42,14487,53,0,5,3.9,Normal,0
2.738,TCP,1182,5155,28,8010,443,0,2,5.29,Normal,0
1.474,ICMP,493,2963,22,39387,53,0,4,2.86,Normal,0
0.098,TCP,833,61,240,36159,443,0,349,2817.04,DoS,1
0.084,TCP,71,4,2,50050,53,2,92,90.35,Port Scan,1
4.405,TCP,1025,2330,26,45629,8080,0,9,5.2,Normal,0
0.714,UDP,1866,5478,17,28106,8080,0,3,7.47,Normal,0
4.022,UDP,750,5852,22,37665,8080,0,2,12.67,Normal,0
0.187,TCP,1276,4916,13,21121,53,0,5,5.88,Normal,0
5.213,TCP,1263,2971,28,27116,443,0,1,4.69,Normal,0
1.374,TCP,561,4924,26,44231,80,0,3,2.73,Normal,0
7.68,TCP,1685,7360,22,30293,443,0,1,5.8,Normal,0
3.181,TCP,3150,7628,77,34339,443,2,42,63.37,Bot Activity,1
0.421,TCP,382,311,13,52541,3389,32,64,60.08,Brute Force,1
1.002,TCP,297,6910,40,53509,80,0,1,10.67,Normal,0
1.134,TCP,1115,4018,21,64239,80,0,5,1.28,Normal,0
0.225,TCP,102,73,2,45455,8080,0,165,288.95,Port Scan,1
2.964,TCP,1772,3415,26,6801,80,0,6,12.06,Normal,0
0.696,TCP,1383,2849,34,25328,80,0,2,12.31,Normal,0
0.599,TCP,794,3601,28,48505,8080,0,6,4.62,Normal,0
0.774,UDP,2062,4554,43,27281,53,0,1,6.4,Normal,0
2.616,TCP,887,3809,13,40180,80,0,1,9.8,Normal,0
0.005,TCP,342,32,486,54779,80,0,783,1106.04,DoS,1
5.482,UDP,1123,4937,28,42987,8080,0,5,3.62,Normal,0
3.531,UDP,1292,4608,12,14244,53,0,1,8.6,Normal,0
0.104,UDP,1531,5765,28,52402,443,0,1,6.04,Normal,0
2.166,TCP,1254,4165,28,45197,80,0,5,1.81,Normal,0
1.174,UDP,667,3343,21,43952,80,0,7,1.24,Normal,0
2.757,TCP,939,4349,39,6716,53,0,6,6.79,Normal,0
0.331,TCP,1174,2680,31,24167,8080,0,5,2.03,Normal,0
1.969,TCP,1088,5029,25,14152,80,0,4,5.83,Normal,0
0.824,TCP,745,5107,19,5521,80,0,1,7.43,Normal,0
1.16,UDP,7724,21030,6,48613,54380,4,73,221.04,Suspicious Traffic,1
0.025,TCP,776,57,390,37667,53,0,721,2270.38,DoS,1
0.72,TCP,501,390,13,23837,3389,13,64,95.98,Brute Force,1
1.421,TCP,1086,5156,25,64155,53,0,2,12.84,Normal,0
3.92,UDP,2102,2803,32,64139,443,0,5,11.16,Normal,0
0.023,TCP,165,31,886,27498,53,0,461,820.71,DoS,1
1.583,TCP,1621,3739,39,1329,53,0,1,8.03,Normal,0
0.087,TCP,113,51,1,48305,443,0,63,245.67,Port Scan,1
1.298,TCP,1508,8324,30,34000,53,0,7,6.6,Normal,0
3.758,TCP,1571,4778,32,8693,53,0,4,5.96,Normal,0
0.157,TCP,40,30,3,48838,53,0,120,103.08,Port Scan,1
2.502,ICMP,1495,1899,26,46519,8080,0,6,10.42,Normal,0
1.796,TCP,1764,4295,17,37932,8080,0,4,13.68,Normal,0
6.559,TCP,1236,3376,10,50666,53,0,6,7.59,Normal,0
2.538,TCP,604,5205,14,31096,8080,0,4,1.52,Normal,0
0.902,TCP,1210,5336,31,57518,80,0,5,13.9,Normal,0
0.011,UDP,1224,53,620,17921,80,0,213,2934.28,DoS,1
1.351,TCP,595,3832,29,26103,443,0,1,12.88,Normal,0
1.081,TCP,1408,4863,21,16093,53,0,5,6.64,Normal,0
1.89,TCP,1391,3460,20,24165,80,0,3,3.17,Normal,0
3.322,TCP,502,4774,30,18283,443,0,1,2.35,Normal,0
1.533,UDP,1789,6483,28,27169,53,0,11,9.51,Normal,0
11.046,UDP,1092,4309,20,62064,443,0,1,4.01,Normal,0
0.693,TCP,1598,4389,1,24194,443,0,2,9.09,Normal,0
1.19,TCP,1900,5455,13,18659,443,0,7,11.92,Normal,0
0.507,TCP,778,4931,34,45793,443,0,6,5.1,Normal,0
0.748,TCP,1747,3902,28,14110,443,0,3,13.04,Normal,0
0.453,TCP,53,38,2,36775,21,2,68,113.34,Port Scan,1
0.094,UDP,783,38,654,14313,80,0,336,2216.03,DoS,1
1.921,TCP,1449,5236,38,55835,53,0,7,8.32,Normal,0
1.355,UDP,1989,3978,39,8016,80,0,7,11.99,Normal,0
4.292,TCP,1351,3934,28,45315,8080,0,5,11.06,Normal,0
1.356,TCP,1400,5611,39,51110,80,0,1,9.08,Normal,0
0.769,TCP,1034,3960,14,25351,53,0,1,3.89,Normal,0
1.905,TCP,1802,5599,37,58761,53,0,1,8.03,Normal,0
3.373,UDP,662,6203,24,51111,53,0,7,4.72,Normal,0
3.045,UDP,701,3497,31,50188,443,0,5,3.57,Normal,0
0.624,TCP,699,251,10,53405,445,24,23,40.43,Brute Force,1
5.001,UDP,2438,4542,26,32372,80,0,8,8.24,Normal,0
0.079,ICMP,377,33,858,26827,53,0,288,2486.66,DoS,1
4.227,TCP,1151,2419,35,51874,443,0,9,6.98,Normal,0
0.052,UDP,153,59,259,8913,53,0,622,2508.92,DoS,1
1.974,TCP,1352,6802,38,34986,8080,0,7,8.69,Normal,0
2.711,UDP,507,3334,13,1576,80,0,1,2.03,Normal,0
1.805,TCP,1717,2146,19,25891,80,0,5,14.57,Normal,0
0.175,TCP,51,11,1,38509,22,0,184,185.19,Port Scan,1
0.416,TCP,103,70,3,37770,53,2,51,220.45,Port Scan,1
0.454,TCP,69,46,1,50089,3389,0,49,180.47,Port Scan,1
0.327,TCP,563,161,7,25006,21,12,45,26.26,Brute Force,1
3.811,TCP,1094,5237,27,33712,8080,0,5,13.2,Normal,0
2.364,TCP,946,3009,17,46946,53,0,4,11.77,Normal,0
5.502,TCP,1166,4771,43,27278,53,0,3,12.65,Normal,0
5.674,TCP,817,6473,22,38472,443,0,2,13.32,Normal,0
6.196,ICMP,12670,24396,62,45983,14980,7,88,26.84,Suspicious Traffic,1
2.191,UDP,1482,4647,20,54383,80,0,6,6.45,Normal,0
0.47,TCP,119,61,2,48197,8080,1,85,213.59,Port Scan,1
0.097,TCP,1207,54,660,57144,443,0,478,2047.72,DoS,1
2.432,TCP,1085,4952,36,13874,443,0,1,4.97,Normal,0
4.316,TCP,7266,1876,180,49426,9801,7,89,17.63,Suspicious Traffic,1
0.005,UDP,134,4,898,32022,80,0,812,992.35,DoS,1
4.058,UDP,1579,4386,44,12599,8080,0,5,14.71,Normal,0
0.561,TCP,994,3301,23,59566,53,0,10,6.25,Normal,0
0.641,TCP,807,5008,24,20688,53,0,6,14.27,Normal,0
3.744,TCP,1351,6307,26,38238,80,0,6,11.98,Normal,0
0.072,UDP,455,54,532,46280,80,0,696,698.07,DoS,1
3.095,TCP,603,4083,36,4959,443,0,1,4.14,Normal,0
2.327,ICMP,2527,5616,3,32255,80,0,4,5.46,Normal,0
0.02,TCP,370,40,829,22957,443,0,464,933.65,DoS,1
2.514,TCP,1370,5958,23,24681,53,0,5,3.98,Normal,0
2.03,TCP,1231,4163,38,62094,53,0,5,5.21,Normal,0
0.568,TCP,348,393,12,28010,22,34,78,45.55,Brute Force,1
3.174,UDP,801,2914,20,24034,443,0,4,12.05,Normal,0
4.906,UDP,693,6250,1,43614,443,0,7,5.74,Normal,0
0.049,UDP,215,9,979,19677,443,0,670,1774.42,DoS,1
0.706,UDP,1257,3280,33,22330,8080,0,5,8.37,Normal,0
2.226,TCP,856,4541,32,30315,80,0,4,11.08,Normal,0
0.735,TCP,1304,6476,30,19802,8080,0,5,11.47,Normal,0
0.036,UDP,947,20,613,10517,80,0,389,858.44,DoS,1
3.461,UDP,2044,3562,39,43006,53,0,6,12.12,Normal,0
1.983,ICMP,1306,3604,16,41153,8080,0,7,5.68,Normal,0
4.551,UDP,628,6429,26,5700,80,0,4,11.17,Normal,0
0.073,UDP,1135,40,484,15981,443,0,921,2127.42,DoS,1
0.318,TCP,505,5007,26,21791,53,0,1,3.38,Normal,0
0.633,TCP,586,144,9,40699,445,8,53,88.19,Brute Force,1
0.258,TCP,1098,4666,23,18801,8080,0,4,12.62,Normal,0
0.012,TCP,1402,9,362,62548,443,0,443,575.15,DoS,1
7.733,TCP,823,2249,16,50039,8080,0,9,4.19,Normal,0
3.363,TCP,1150,3410,14,13076,80,0,6,3.41,Normal,0
1.202,UDP,310,6792,23,16401,53,0,6,6.61,Normal,0
0.407,TCP,90,55,2,32623,21,1,148,105.36,Port Scan,1
6.886,TCP,947,3262,21,11963,8080,0,1,1.97,Normal,0
0.966,TCP,1105,3079,19,5205,8080,0,3,8.66,Normal,0
7.998,TCP,1568,4931,14,2752,8080,0,4,6.28,Normal,0
0.142,UDP,1136,6078,17,6480,80,0,2,4.37,Normal,0
4.701,TCP,885,4672,26,11201,80,0,6,13.64,Normal,0
4.261,UDP,979,4911,28,59055,8080,0,3,8.8,Normal,0
0.829,TCP,1021,2535,16,17238,53,0,7,10.78,Normal,0
5.517,TCP,838,4334,25,9309,443,0,1,11.26,Normal,0
0.715,TCP,1055,945,24,12205,80,1,8,10.13,Normal,0
0.404,TCP,91,5,2,59991,3389,1,133,260.74,Port Scan,1
1.264,TCP,756,3775,20,57663,8080,0,9,2.54,Normal,0
0.852,TCP,256,2426,28,58100,53,0,4,5.18,Normal,0
0.784,TCP,1306,2433,22,9879,443,0,5,6.15,Normal,0
1.516,UDP,556,5641,32,30945,8080,0,4,6.53,Normal,0
0.47,TCP,92,33,2,40146,3389,1,63,224.63,Port Scan,1
0.137,TCP,1316,3879,22,32590,443,0,11,5.93,Normal,0
0.628,TCP,832,5564,33,29982,53,0,2,3.49,Normal,0
0.144,UDP,1807,5881,31,18051,443,0,1,9.35,Normal,0
1.54,TCP,2096,4340,26,1031,443,0,1,7.3,Normal,0
1.684,UDP,1384,6199,24,31774,80,0,10,5.45,Normal,0
0.295,TCP,838,5753,36,33264,8080,0,3,2.61,Normal,0
0.064,TCP,233,5,401,51217,443,0,312,1169.28,DoS,1
2.36,TCP,892,5552,19,53320,53,0,6,11.1,Normal,0
2.287,TCP,724,4475,13,53241,80,0,4,7.12,Normal,0
0.721,TCP,1182,5112,29,13383,8080,0,10,7.98,Normal,0
0.49,UDP,1899,2440,2,29671,8080,0,6,6.43,Normal,0
0.48,TCP,1323,4449,38,47879,8080,0,1,2.92,Normal,0
5.23,UDP,1220,1489,29,15481,53,0,2,1.98,Normal,0
0.702,TCP,439,358,17,42006,21,32,48,52.49,Brute Force,1
1.544,UDP,1960,5011,21,34881,53,0,4,2.95,Normal,0
1.068,TCP,830,4640,28,49713,53,0,1,14.25,Normal,0
0.268,TCP,1035,3688,18,56958,80,0,5,7.51,Normal,0
1.47,TCP,925,6147,1,20003,80,0,3,5.8,Normal,0
1.216,UDP,871,5161,34,41508,8080,0,5,10.8,Normal,0
5.159,TCP,1793,591,26,41837,8080,0,1,7.72,Normal,0
1.732,UDP,878,3116,40,2296,443,1,7,8.08,Normal,0
0.095,TCP,108,11,2,36092,443,0,127,217.44,Port Scan,1
7.654,TCP,3393,7595,58,19513,443,1,41,69.85,Bot Activity,1
0.019,UDP,1101,57,895,9219,53,0,606,2107.9,DoS,1
1.679,UDP,1140,5220,40,29757,80,0,5,8.87,Normal,0
7.108,UDP,12412,2112,45,10900,966,5,61,172.27,Suspicious Traffic,1
1.304,TCP,1882,8274,32,33372,443,0,6,14.2,Normal,0
0.508,UDP,1453,4924,15,21444,8080,0,5,2.1,Normal,0
0.357,UDP,1227,5184,30,31413,80,0,3,12.94,Normal,0
0.311,TCP,109,13,3,34787,80,2,177,174.41,Port Scan,1
4.691,TCP,1648,3769,28,18490,8080,0,6,3.37,Normal,0
0.082,TCP,102,19,3,36297,53,2,141,142.04,Port Scan,1
0.252,TCP,41,48,3,57140,80,0,75,202.22,Port Scan,1
0.375,TCP,766,378,8,9017,21,15,48,71.6,Brute Force,1
2.613,UDP,1191,7023,46,26243,8080,0,3,7.38,Normal,0
0.141,TCP,1728,4429,26,3221,443,0,1,5.83,Normal,0
8.043,UDP,1283,3902,14,51552,80,0,2,8.95,Normal,0
0.02,UDP,152,58,172,65388,80,0,931,1727.02,DoS,1
9.158,ICMP,853,5023,57,32012,8080,0,7,8.2,Normal,0
0.147,UDP,948,5021,42,21479,53,0,10,10.55,Normal,0
2.562,TCP,1821,4559,18,48750,80,0,6,9.28,Normal,0
2.411,TCP,4485,6215,76,37042,8080,0,27,112.01,Bot Activity,1
0.263,TCP,1304,4003,33,9029,53,0,5,11.99,Normal,0
1.299,UDP,1361,4394,29,20608,443,0,3,13.11,Normal,0
0.953,TCP,683,2744,30,4438,443,0,1,13.61,Normal,0
0.617,UDP,1276,4660,22,16489,8080,0,4,8.58,Normal,0
1.736,TCP,1166,2501,16,11993,53,0,10,10.51,Normal,0
1.115,TCP,1063,4404,34,26964,443,1,6,5.96,Normal,0
10.914,TCP,1072,3128,16,3777,8080,0,8,9.05,Normal,0
0.413,TCP,1495,6727,36,11182,53,0,6,5.89,Normal,0
0.568,TCP,1689,3924,33,17325,443,0,6,5.0,Normal,0
9.03,UDP,1717,3336,26,45979,53,0,2,7.01,Normal,0
0.773,TCP,1314,3232,16,50803,80,0,2,13.58,Normal,0
1.344,UDP,2060,2992,35,43267,443,0,2,14.6,Normal,0
3.394,TCP,2292,7744,57,52894,80,0,46,59.18,Bot Activity,1
5.385,TCP,1155,4184,15,9271,8080,0,5,7.6,Normal,0
4.822,TCP,976,5503,17,65360,53,0,10,2.61,Normal,0
0.117,TCP,54,28,2,36323,80,0,69,52.49,Port Scan,1
1.499,TCP,1160,3557,31,46195,8080,0,7,13.05,Normal,0
8.585,TCP,335,3868,35,9854,53,0,3,11.45,Normal,0
9.396,UDP,18457,7115,110,32829,46310,9,66,141.45,Suspicious Traffic,1
2.498,TCP,2523,2912,77,29697,8080,0,18,60.37,Bot Activity,1
1.403,TCP,1587,3116,10,20339,8080,0,6,4.67,Normal,0
1.459,TCP,1166,6583,14,13255,53,0,6,8.47,Normal,0
1.969,UDP,932,6348,28,31721,53,0,5,9.76,Normal,0
2.946,TCP,1219,6126,19,40260,443,0,4,6.33,Normal,0
0.003,TCP,1401,25,485,11184,443,0,662,1657.34,DoS,1
0.147,TCP,978,2651,18,20402,53,0,7,13.35,Normal,0
7.174,TCP,718,6666,19,30783,80,0,6,1.68,Normal,0
4.905,UDP,2275,5458,31,34183,8080,0,8,7.53,Normal,0
8.911,TCP,3755,4230,67,58888,80,1,32,61.07,Bot Activity,1
2.233,TCP,1551,3307,17,41639,53,0,5,6.16,Normal,0
0.076,TCP,1411,4,965,16674,443,0,396,522.74,DoS,1
1.212,TCP,1389,5116,11,48276,80,0,1,3.07,Normal,0
2.663,TCP,1313,7056,26,36346,8080,0,1,3.56,Normal,0
4.118,TCP,1383,3418,30,45800,8080,0,2,7.71,Normal,0
4.867,UDP,1887,5011,38,11126,53,0,6,11.16,Normal,0
0.413,TCP,91,32,2,33619,443,2,94,282.68,Port Scan,1
0.593,TCP,881,5504,25,35313,80,1,8,13.45,Normal,0
0.26,TCP,1571,3011,25,62484,443,0,5,13.42,Normal,0
3.792,UDP,1227,7284,39,3074,443,0,7,4.54,Normal,0
1.145,TCP,532,310,14,13582,22,30,32,83.55,Brute Force,1
7.943,ICMP,1368,4263,17,3110,8080,0,12,2.49,Normal,0
0.075,TCP,364,35,715,35485,53,0,310,1112.06,DoS,1
0.721,UDP,1594,5846,19,46986,53,1,8,11.74,Normal,0
10.627,ICMP,17375,1921,169,15490,39712,1,138,237.1,Suspicious Traffic,1
1.273,TCP,1499,4496,22,48069,80,1,1,13.76,Normal,0
3.753,TCP,1630,3974,19,61385,443,0,1,5.25,Normal,0
1.796,TCP,1324,7221,25,61868,80,0,1,11.51,Normal,0
0.18,UDP,1167,5785,19,42897,80,0,8,13.02,Normal,0
0.186,TCP,591,291,6,49749,445,27,41,34.53,Brute Force,1
0.498,TCP,77,57,2,56025,80,1,120,141.72,Port Scan,1
0.438,TCP,110,18,3,38710,1433,0,89,231.69,Port Scan,1
0.236,TCP,826,6294,39,3689,80,0,8,11.27,Normal,0
0.044,TCP,521,27,742,6132,80,0,210,1289.46,DoS,1
0.838,TCP,665,343,15,63978,22,22,58,97.1,Brute Force,1
4.4,TCP,3564,2848,33,7658,8080,1,46,83.26,Bot Activity,1
4.361,UDP,1067,4773,23,16164,8080,0,3,14.84,Normal,0
1.902,TCP,484,7380,23,35509,443,0,1,3.3,Normal,0
0.487,TCP,77,50,2,48298,1433,0,195,82.39,Port Scan,1
1.637,TCP,750,3704,20,28234,80,0,8,3.72,Normal,0
0.704,TCP,1627,5399,19,38810,53,0,3,1.27,Normal,0
0.16,TCP,1299,2845,17,47067,8080,0,4,6.6,Normal,0
2.95,TCP,1038,3079,31,11957,443,0,3,14.77,Normal,0
3.028,TCP,1070,5761,24,34100,53,0,5,3.63,Normal,0
1.119,TCP,707,323,10,36014,445,16,27,36.93,Brute Force,1
0.274,TCP,1706,4289,35,62204,53,0,2,5.28,Normal,0
0.997,TCP,1230,5546,31,37075,53,0,8,8.2,Normal,0
2.673,TCP,1921,2705,31,28048,8080,0,8,10.4,Normal,0
1.162,TCP,1042,4162,36,22222,443,0,4,8.73,Normal,0
9.25,UDP,351,3274,37,15044,8080,0,4,10.23,Normal,0
8.002,TCP,1494,6493,20,61720,53,0,3,13.18,Normal,0
2.757,TCP,1135,7145,16,30673,8080,0,1,13.03,Normal,0
0.7,UDP,1009,3575,35,1037,80,0,7,4.35,Normal,0
1.017,TCP,1631,5537,2,40068,80,0,5,7.05,Normal,0
8.146,UDP,998,2598,47,59373,53,1,7,7.55,Normal,0
0.944,TCP,552,356,15,15566,21,29,67,73.84,Brute Force,1
0.84,TCP,1000,1452,35,57105,53,1,9,14.26,Normal,0
1.125,TCP,1177,7608,27,54891,53,0,7,1.56,Normal,0
3.601,UDP,1945,6120,24,34531,443,0,1,5.28,Normal,0
2.973,TCP,4066,5108,30,31195,443,1,19,91.02,Bot Activity,1
0.126,TCP,905,5858,5,11255,443,0,4,13.9,Normal,0
3.078,TCP,1643,2809,5,59327,443,0,8,10.16,Normal,0
0.264,UDP,1980,5754,15,54179,53,0,1,2.15,Normal,0
0.06,TCP,1219,28,788,27226,53,0,210,571.85,DoS,1
0.692,UDP,1538,6759,21,61179,443,0,6,13.66,Normal,0
0.044,TCP,1107,21,815,48445,443,0,330,1848.79,DoS,1
0.364,TCP,1171,3224,20,52988,8080,0,7,11.71,Normal,0
2.9,UDP,1467,4058,4,55138,80,0,5,13.55,Normal,0
0.171,TCP,1459,5646,27,20711,80,0,5,5.61,Normal,0
0.431,TCP,70,77,1,32571,80,0,187,292.41,Port Scan,1
0.467,UDP,1264,5532,37,61440,53,0,6,3.14,Normal,0
5.783,ICMP,12158,17281,82,54577,28463,5,121,16.63,Suspicious Traffic,1
0.43,TCP,363,134,14,28322,22,17,28,60.67,Brute Force,1
1.919,UDP,784,6715,18,58027,443,0,9,9.79,Normal,0
0.703,TCP,569,126,10,56696,22,17,50,84.04,Brute Force,1
4.193,TCP,1078,2872,31,42567,8080,0,6,7.44,Normal,0
4.759,UDP,1623,5294,22,35390,80,0,1,14.07,Normal,0
4.741,UDP,1452,4065,27,38047,443,0,1,10.9,Normal,0
7.068,TCP,960,3411,20,46753,443,0,5,5.91,Normal,0
0.056,TCP,1438,15,914,45172,53,0,780,2351.3,DoS,1
0.657,TCP,707,350,10,26772,445,17,59,60.56,Brute Force,1
1.1,TCP,898,5249,35,50363,80,0,8,7.43,Normal,0
1.045,TCP,935,5014,30,20016,8080,0,6,3.61,Normal,0
0.338,TCP,99,15,1,45592,80,0,98,248.42,Port Scan,1
0.463,TCP,44,0,3,38603,443,0,93,186.7,Port Scan,1
2.673,TCP,1627,5136,33,27142,8080,0,5,3.91,Normal,0
1.393,UDP,1148,8230,22,9569,443,0,7,4.08,Normal,0
2.546,TCP,1431,4474,19,14008,8080,0,5,3.97,Normal,0
11.034,ICMP,16973,9706,90,38467,12852,3,87,160.58,Suspicious Traffic,1
4.489,UDP,1343,5123,1,37801,443,0,4,12.64,Normal,0
0.807,TCP,1372,3294,12,18474,8080,0,2,14.39,Normal,0
0.966,TCP,611,351,15,61589,22,19,29,63.35,Brute Force,1
0.053,TCP,106,38,395,8399,53,0,658,909.09,DoS,1
1.047,TCP,744,191,13,28129,445,34,32,60.47,Brute Force,1
9.523,TCP,3893,6786,40,24963,443,1,42,42.78,Bot Activity,1
0.387,UDP,1158,2785,32,13508,53,0,1,10.89,Normal,0
0.263,TCP,77,31,3,55220,53,0,81,235.83,Port Scan,1
4.793,TCP,1150,4582,9,12117,53,0,1,12.43,Normal,0
5.148,TCP,4386,6198,88,53637,443,2,18,95.63,Bot Activity,1
0.141,TCP,1148,4223,37,41865,443,0,5,13.07,Normal,0
6.684,TCP,1153,5971,29,61594,443,0,4,6.43,Normal,0
1.097,TCP,772,3842,7,25523,443,0,6,2.87,Normal,0
0.339,TCP,411,182,13,56911,22,26,55,79.06,Brute Force,1
1.047,TCP,968,2873,31,8389,80,0,6,14.34,Normal,0
0.009,UDP,711,55,180,41723,80,0,858,899.11,DoS,1
0.173,TCP,1721,4166,17,57959,53,1,7,3.12,Normal,0
5.47,TCP,853,4635,14,46493,80,0,4,2.12,Normal,0
0.837,TCP,1004,4738,28,31904,80,0,7,11.23,Normal,0
0.7,TCP,2288,3870,7,49522,443,0,1,3.26,Normal,0
6.598,TCP,1202,5262,12,35317,53,0,4,10.26,Normal,0
1.258,TCP,1213,3371,36,41856,443,0,1,11.13,Normal,0
2.865,TCP,1018,3572,19,44820,80,0,1,1.13,Normal,0
0.716,TCP,750,109,9,60403,22,28,23,31.12,Brute Force,1
1.315,UDP,923,1805,30,17766,443,0,1,1.82,Normal,0
3.524,TCP,1488,3522,23,14177,53,0,2,1.32,Normal,0
3.101,TCP,999,4133,10,43935,80,0,8,12.71,Normal,0
0.182,TCP,98,75,1,51724,3389,0,114,174.5,Port Scan,1
0.994,TCP,1598,7286,24,57666,80,1,1,5.99,Normal,0
6.473,TCP,1185,4073,30,57871,8080,0,6,8.19,Normal,0
1.664,TCP,1165,7412,36,25974,80,0,3,7.93,Normal,0
7.128,ICMP,13654,1408,53,32787,56805,7,93,191.29,Suspicious Traffic,1
4.344,TCP,1202,4235,9,40156,80,0,2,11.8,Normal,0
0.077,UDP,1369,58,203,33835,443,0,565,500.72,DoS,1
6.551,TCP,1748,6492,20,37770,80,1,3,7.47,Normal,0
2.299,TCP,753,4587,18,61466,53,0,5,13.34,Normal,0
4.951,UDP,899,6118,20,26806,443,1,1,1.34,Normal,0
0.039,ICMP,1157,5,694,45872,443,0,416,1109.3,DoS,1
6.295,TCP,713,5910,3,24315,53,0,5,5.5,Normal,0
1.415,TCP,1177,2899,32,65135,53,0,6,12.24,Normal,0
4.799,TCP,1795,4926,13,42036,53,0,1,2.04,Normal,0
0.018,UDP,988,17,987,59378,80,0,251,2019.68,DoS,1
0.804,TCP,1343,4806,24,62899,53,0,4,14.81,Normal,0
1.874,TCP,1537,2661,24,23424,8080,0,6,11.49,Normal,0
1.701,TCP,897,6502,31,6778,8080,0,3,9.51,Normal,0
14.222,TCP,8182,9533,33,45458,40138,2,147,19.45,Suspicious Traffic,1
3.42,TCP,1307,3458,20,58218,443,0,5,14.58,Normal,0
0.263,TCP,61,52,2,43974,53,2,185,171.74,Port Scan,1
7.879,TCP,1560,6426,1,60645,53,0,2,13.87,Normal,0
3.153,UDP,945,3735,18,9660,443,0,2,5.0,Normal,0
2.857,ICMP,829,1932,21,39103,443,0,9,13.96,Normal,0
1.168,ICMP,610,3889,19,21275,443,0,9,12.57,Normal,0
1.055,UDP,1200,7027,30,60597,443,0,6,10.5,Normal,0
0.072,UDP,279,24,517,38042,80,0,438,2313.42,DoS,1
0.042,ICMP,806,33,640,21832,80,0,414,1458.4,DoS,1
7.218,TCP,1197,5078,25,37550,80,0,7,9.48,Normal,0
0.167,TCP,95,42,3,34768,80,1,138,63.03,Port Scan,1
2.907,TCP,651,5200,17,51188,53,0,3,4.48,Normal,0
0.803,TCP,774,114,15,28159,445,27,34,56.5,Brute Force,1
1.26,TCP,1232,4247,37,20905,8080,0,5,4.8,Normal,0
0.1,ICMP,1181,51,616,54875,53,0,352,2192.6,DoS,1
0.493,TCP,83,21,3,38971,22,1,92,185.47,Port Scan,1
0.156,TCP,1803,3886,30,52084,443,0,4,1.5,Normal,0
0.325,TCP,59,40,1,54983,53,1,140,89.69,Port Scan,1
12.157,UDP,1204,2604,11,40713,443,0,4,11.27,Normal,0
0.616,TCP,1868,5204,52,16158,80,0,1,2.95,Normal,0
0.093,UDP,89,34,666,46123,443,0,995,2990.17,DoS,1
0.007,ICMP,943,51,466,9812,53,0,455,1658.11,DoS,1
1.204,UDP,1098,3031,32,56477,8080,0,8,11.75,Normal,0
11.984,TCP,982,2404,33,25532,443,0,4,8.84,Normal,0
1.41,TCP,1237,5151,38,33232,8080,0,7,11.78,Normal,0
0.777,UDP,1564,5813,24,13690,443,1,1,9.13,Normal,0
4.672,UDP,1551,3151,6,51129,80,0,6,3.25,Normal,0
0.06,UDP,847,14,403,63297,443,0,505,2932.34,DoS,1
10.713,ICMP,1196,4743,24,15610,443,0,6,1.37,Normal,0
7.365,TCP,883,4628,20,5359,443,0,4,13.03,Normal,0
5.91,TCP,1204,5231,35,29813,8080,0,10,7.78,Normal,0
0.065,UDP,1193,12,685,57829,443,0,359,1958.3,DoS,1
0.499,TCP,42,7,1,44010,8080,1,175,234.24,Port Scan,1
0.033,TCP,147,54,757,51895,80,0,758,1349.19,DoS,1
8.032,TCP,909,6067,37,40866,8080,0,2,10.91,Normal,0
3.856,TCP,1599,3134,23,26856,80,0,5,13.62,Normal,0
5.174,UDP,1363,95,11,30621,8080,0,1,13.53,Normal,0
0.239,TCP,605,398,13,3804,21,16,66,48.03,Brute Force,1
3.319,TCP,1879,5345,17,35018,8080,0,7,3.06,Normal,0
1.871,TCP,948,4644,2,3597,8080,0,5,8.49,Normal,0
0.936,UDP,1425,3032,25,42355,80,0,7,13.27,Normal,0
1.802,TCP,1190,4205,39,29831,8080,0,1,14.14,Normal,0
1.092,TCP,1804,4130,20,51728,53,0,4,10.94,Normal,0
0.052,UDP,297,14,311,28711,443,0,544,2820.36,DoS,1
0.633,TCP,1806,2360,4,41207,80,0,1,8.91,Normal,0
0.305,TCP,1055,4170,36,60248,443,0,2,11.03,Normal,0
4.885,TCP,1103,5886,9,43367,8080,0,1,2.37,Normal,0
2.508,ICMP,6392,2249,34,33836,7417,7,145,197.84,Suspicious Traffic,1
2.664,TCP,1033,3941,14,12806,443,0,5,10.18,Normal,0
0.576,TCP,580,373,12,22223,445,6,34,91.26,Brute Force,1
0.042,UDP,301,27,668,2657,80,0,508,1394.0,DoS,1
4.178,UDP,521,5038,36,30757,443,0,8,12.83,Normal,0
0.722,TCP,1325,5501,7,6935,53,0,1,11.33,Normal,0
0.307,TCP,63,74,2,53313,22,1,95,268.64,Port Scan,1
1.895,TCP,865,5945,15,48104,80,0,5,3.7,Normal,0
3.336,ICMP,2679,6961,88,47308,29452,3,11,221.15,Suspicious Traffic,1
6.805,TCP,1026,4793,16,42579,53,0,8,5.92,Normal,0
0.497,TCP,1488,4025,38,47377,8080,0,2,2.16,Normal,0
1.744,ICMP,1137,6282,18,64935,443,0,6,8.87,Normal,0
1.17,TCP,1167,7221,26,25968,80,0,9,2.21,Normal,0
0.418,TCP,112,45,3,48530,22,1,66,67.72,Port Scan,1
1.704,ICMP,1862,3742,15,11649,443,0,6,1.82,Normal,0
3.112,ICMP,1512,4081,40,47689,80,0,2,9.38,Normal,0
0.304,TCP,1743,3429,28,21309,8080,0,1,5.04,Normal,0
0.978,TCP,687,257,9,12867,22,15,50,68.24,Brute Force,1
0.632,UDP,1862,5209,2,59911,443,0,1,6.04,Normal,0
0.907,ICMP,1045,5671,18,1256,53,1,4,13.28,Normal,0
2.225,UDP,1711,3925,42,33637,8080,0,3,7.04,Normal,0
11.797,TCP,659,3389,36,1401,8080,0,3,6.09,Normal,0
3.876,TCP,1288,5915,29,39616,8080,0,1,1.06,Normal,0
0.683,TCP,1033,3415,23,29983,80,0,4,4.11,Normal,0
0.519,UDP,1130,7488,35,1455,443,0,3,9.8,Normal,0
14.195,TCP,864,12280,145,19251,40617,9,100,174.9,Suspicious Traffic,1
2.394,TCP,378,3870,27,42223,443,1,5,6.98,Normal,0
1.66,TCP,426,5400,24,10741,80,0,1,1.05,Normal,0
0.379,TCP,1277,2339,24,3431,443,0,1,7.11,Normal,0
3.113,TCP,1192,7650,22,44737,53,0,1,7.12,Normal,0
1.831,TCP,1643,6010,12,6772,80,0,1,6.23,Normal,0
1.61,UDP,1446,4955,28,12706,443,0,5,3.21,Normal,0
2.264,ICMP,649,3909,46,41073,443,0,5,5.41,Normal,0
0.488,TCP,111,23,1,41802,80,1,56,240.49,Port Scan,1
5.397,UDP,1271,7273,29,7128,53,0,1,5.54,Normal,0
0.344,TCP,2057,6659,17,59845,8080,0,4,13.51,Normal,0
0.407,TCP,912,4493,37,50730,8080,0,6,11.49,Normal,0
5.057,TCP,2210,3961,33,5279,53,0,2,9.78,Normal,0
2.444,TCP,1077,5380,5,9021,53,0,6,11.86,Normal,0
4.229,TCP,4319,4990,53,28141,8080,2,37,74.73,Bot Activity,1
0.138,TCP,65,74,3,36850,80,1,127,292.85,Port Scan,1
0.537,TCP,761,3958,39,8188,80,0,6,13.03,Normal,0
0.032,TCP,52,5,1,55827,53,0,102,110.26,Port Scan,1
1.987,TCP,1594,5869,16,29012,53,0,9,8.64,Normal,0
0.314,TCP,96,6,2,50422,3389,1,67,84.73,Port Scan,1
1.8,TCP,891,5315,31,61783,443,0,12,14.75,Normal,0
0.292,TCP,108,12,1,53893,445,1,58,236.17,Port Scan,1
2.576,UDP,778,3475,6,33301,443,0,2,10.89,Normal,0
0.079,UDP,211,45,426,16276,53,0,268,2606.17,DoS,1
0.716,UDP,1087,5554,35,20062,443,1,1,11.27,Normal,0
2.349,ICMP,1362,4144,16,2596,8080,0,7,11.33,Normal,0
0.372,TCP,657,343,10,8753,21,14,54,42.55,Brute Force,1
5.367,ICMP,2211,11361,140,53425,40325,4,77,121.24,Suspicious Traffic,1
7.734,TCP,809,4915,22,28198,8080,1,7,8.03,Normal,0
0.639,TCP,1285,3940,32,23939,443,1,1,10.74,Normal,0
4.32,TCP,1345,5264,21,14210,53,0,4,7.19,Normal,0
0.047,UDP,533,21,906,5470,443,0,540,2474.41,DoS,1
7.53,TCP,1084,4774,34,20704,53,0,4,13.28,Normal,0
1.005,TCP,1416,3342,19,8485,53,0,1,10.29,Normal,0
3.454,ICMP,1340,3533,20,48499,80,0,1,1.46,Normal,0
1.063,TCP,1308,5170,25,13740,53,0,6,4.38,Normal,0
1.064,TCP,1343,7520,14,61467,8080,0,3,1.31,Normal,0
0.384,UDP,1333,3636,18,53273,80,0,4,12.38,Normal,0
0.772,UDP,1532,6000,21,32580,443,0,4,13.01,Normal,0
0.644,TCP,1362,6734,40,59486,53,0,3,14.52,Normal,0
0.488,UDP,921,7346,40,54382,8080,0,6,11.82,Normal,0
0.043,TCP,982,26,635,4696,53,0,535,882.49,DoS,1
3.035,UDP,693,4462,38,20642,53,0,3,6.78,Normal,0
0.259,UDP,59,63,1,48920,3389,1,50,175.73,Port Scan,1
3.168,UDP,950,6854,35,53423,53,0,10,6.9,Normal,0
7.455,TCP,756,2994,15,10809,53,0,5,13.35,Normal,0
0.817,TCP,529,379,15,23251,445,15,63,98.29,Brute Force,1
1.513,TCP,154,4456,22,42084,443,0,7,8.83,Normal,0
2.493,UDP,973,2926,34,26555,443,0,4,8.29,Normal,0
14.766,ICMP,6440,24142,38,57687,51272,6,101,212.83,Suspicious Traffic,1
2.618,TCP,684,5552,28,50277,53,0,4,13.07,Normal,0
9.855,TCP,1636,6003,33,21636,80,0,1,6.51,Normal,0
2.122,TCP,621,4231,39,6713,8080,0,6,7.02,Normal,0
1.33,ICMP,2629,26121,9,25377,29617,8,35,233.57,Suspicious Traffic,1
0.457,TCP,117,39,1,39916,21,0,75,227.15,Port Scan,1
0.232,TCP,1752,6282,36,35437,53,0,3,8.47,Normal,0
4.088,ICMP,1139,3586,13,25549,80,0,4,13.15,Normal,0
3.92,TCP,696,5101,17,60882,80,0,1,12.66,Normal,0
3.612,TCP,1419,3908,36,2659,8080,0,6,10.12,Normal,0
0.747,TCP,1303,4528,16,11122,443,0,8,12.58,Normal,0
0.41,TCP,307,135,16,32709,3389,17,75,50.64,Brute Force,1
0.595,TCP,749,4045,27,51850,53,0,1,2.7,Normal,0
6.331,TCP,1486,2994,28,58159,80,0,7,4.56,Normal,0
0.052,TCP,932,44,634,62499,53,0,936,2070.04,DoS,1
0.059,TCP,828,5,307,45374,80,0,812,2153.69,DoS,1
1.541,TCP,1651,6939,7,14472,80,0,4,6.66,Normal,0
0.938,TCP,669,324,7,47796,22,25,45,86.77,Brute Force,1
0.995,TCP,559,373,9,1294,3389,9,74,54.96,Brute Force,1
0.889,TCP,1321,4518,21,62126,80,0,12,14.87,Normal,0
6.317,UDP,1215,1376,15,39972,80,0,4,5.99,Normal,0
0.076,TCP,592,39,474,59298,80,0,602,2245.42,DoS,1
0.63,TCP,657,3101,18,7781,53,1,1,13.41,Normal,0
0.337,TCP,77,0,2,50933,21,1,130,101.18,Port Scan,1
0.092,TCP,1103,4,638,22054,80,0,342,864.26,DoS,1
7.169,UDP,1268,3401,17,13643,53,0,2,13.24,Normal,0
2.4,TCP,1115,2470,23,21940,8080,0,5,5.67,Normal,0
1.158,TCP,967,1491,43,18893,443,0,6,1.86,Normal,0
0.874,UDP,892,4096,29,8526,80,0,1,12.86,Normal,0
2.256,UDP,935,4267,29,37700,80,0,4,12.54,Normal,0
0.734,UDP,1845,4368,18,23983,53,0,6,8.82,Normal,0
1.221,TCP,1676,2563,33,62843,53,0,2,6.03,Normal,0
0.25,TCP,480,239,11,12249,22,22,44,84.67,Brute Force,1
2.085,UDP,1689,8926,16,21431,53,0,1,12.84,Normal,0
2.451,TCP,1065,5005,15,4349,443,1,2,10.39,Normal,0
2.923,TCP,1211,2729,25,60223,80,0,5,10.46,Normal,0
2.538,TCP,313,5776,35,4550,80,0,1,2.8,Normal,0
0.264,ICMP,1063,3690,24,12754,8080,0,7,2.9,Normal,0
0.408,TCP,1165,3558,28,21501,53,0,8,9.49,Normal,0
1.154,UDP,1700,4409,13,47745,80,0,1,11.52,Normal,0
0.353,TCP,786,125,6,50553,445,33,67,82.66,Brute Force,1
2.812,TCP,1319,5418,23,38235,443,0,2,10.1,Normal,0
0.026,TCP,812,30,376,53607,53,0,899,2373.31,DoS,1
0.017,UDP,1464,39,254,31713,80,0,996,1820.81,DoS,1
0.016,UDP,1374,34,359,30882,443,0,301,1239.86,DoS,1
3.194,TCP,1101,3213,46,45882,8080,0,2,10.91,Normal,0
0.03,UDP,589,0,621,63116,80,0,852,591.1,DoS,1
3.353,TCP,1885,3002,17,10443,53,0,3,11.14,Normal,0
11.306,UDP,798,3931,8,26720,443,0,7,13.68,Normal,0
0.966,TCP,1273,2863,26,44618,53,0,3,8.42,Normal,0
2.981,TCP,285,2033,28,58854,53,0,4,2.95,Normal,0
0.207,UDP,80,60,1,45575,443,1,117,235.52,Port Scan,1
3.784,TCP,1141,6626,30,24057,8080,0,5,6.72,Normal,0
5.147,TCP,1465,4809,14,12218,53,0,6,3.13,Normal,0
1.342,TCP,977,6241,22,40637,443,0,6,9.03,Normal,0
0.842,TCP,851,3505,22,27612,80,0,2,13.8,Normal,0
3.218,TCP,1270,63,16,43587,80,0,7,4.7,Normal,0
2.128,UDP,1782,3802,37,35939,8080,0,2,8.3,Normal,0
4.293,UDP,1117,6700,33,28120,443,0,7,14.61,Normal,0
0.428,TCP,1248,2479,25,36935,443,0,6,8.32,Normal,0
0.046,TCP,105,51,1,41164,21,2,82,147.74,Port Scan,1
0.797,TCP,2019,3964,26,54365,8080,0,6,9.15,Normal,0
0.064,TCP,515,46,764,29556,53,0,989,2067.44,DoS,1
0.006,UDP,1384,18,239,52623,443,0,480,2480.59,DoS,1
2.393,TCP,1395,4398,43,36711,443,0,1,5.17,Normal,0
7.765,TCP,1129,1571,24,44908,80,0,5,9.62,Normal,0
4.734,UDP,4197,1157,175,47680,37631,6,42,246.34,Suspicious Traffic,1
7.643,TCP,172,2370,29,55862,8080,0,1,7.34,Normal,0
0.854,TCP,1308,6013,15,40089,8080,0,3,6.65,Normal,0
5.743,TCP,1606,3193,12,7424,8080,0,5,9.08,Normal,0
0.084,UDP,605,5,522,63669,443,0,801,1400.68,DoS,1
6.798,UDP,824,5035,16,5586,80,0,5,12.8,Normal,0
5.812,ICMP,2449,17619,62,40111,50551,7,33,191.1,Suspicious Traffic,1
0.075,TCP,80,62,1,40728,445,1,165,203.95,Port Scan,1
3.291,UDP,1127,5395,33,43295,80,0,9,8.35,Normal,0
0.001,TCP,836,11,917,54570,80,0,718,1694.71,DoS,1
0.596,TCP,579,100,10,59172,22,26,72,79.66,Brute Force,1
3.477,TCP,1072,3763,23,50640,443,0,9,13.86,Normal,0
0.416,TCP,722,135,6,30711,3389,12,79,76.11,Brute Force,1
1.4,TCP,1684,3411,20,26582,8080,0,5,13.28,Normal,0
14.686,ICMP,1270,2240,17,45688,53,0,2,9.55,Normal,0
8.822,UDP,1322,948,35,53083,53,0,4,10.64,Normal,0
1.58,TCP,2051,4719,17,62411,8080,0,5,9.34,Normal,0
1.083,UDP,1341,4262,16,60998,53,0,1,9.8,Normal,0
0.652,TCP,741,112,17,39214,22,13,73,49.99,Brute Force,1
0.138,TCP,1063,4315,34,41099,8080,0,6,13.42,Normal,0
7.421,TCP,1036,3412,28,56894,53,0,5,9.65,Normal,0
2.84,TCP,1421,0,27,60077,80,1,9,5.65,Normal,0
8.008,TCP,1165,3074,14,37727,53,0,1,7.49,Normal,0
2.848,UDP,1300,5447,38,19519,80,0,5,12.7,Normal,0
0.274,TCP,312,394,17,47045,445,33,65,85.36,Brute Force,1
0.37,TCP,61,79,1,53323,8080,0,86,293.83,Port Scan,1
12.026,TCP,13199,7780,133,27634,25007,1,142,85.97,Suspicious Traffic,1
4.923,TCP,1204,5514,22,29545,443,0,6,11.02,Normal,0
2.564,TCP,1340,4179,16,32146,443,0,1,2.43,Normal,0
0.029,TCP,1385,51,226,26229,443,0,815,2782.58,DoS,1
4.46,TCP,1164,7618,13,56072,8080,0,4,12.53,Normal,0
1.613,TCP,1157,6827,27,58220,443,0,1,14.26,Normal,0
0.21,TCP,721,7009,18,5726,80,0,2,9.77,Normal,0
0.071,TCP,115,27,3,51558,8080,1,175,254.56,Port Scan,1
2.321,TCP,753,6163,20,64920,443,0,6,1.21,Normal,0
0.63,TCP,1456,3418,33,43115,8080,0,1,9.1,Normal,0
14.999,UDP,15202,11599,151,59586,51704,7,12,23.37,Suspicious Traffic,1
0.013,UDP,953,55,615,46598,53,0,547,2935.95,DoS,1
0.862,TCP,1369,4370,34,61993,8080,0,1,9.78,Normal,0
5.512,TCP,1658,5521,17,30804,8080,0,5,14.65,Normal,0
2.571,UDP,1258,5433,32,30519,8080,0,3,3.29,Normal,0
6.069,TCP,1253,3423,27,13201,8080,0,3,11.58,Normal,0
0.687,UDP,1320,630,24,38900,8080,0,7,9.77,Normal,0
5.063,TCP,3462,5506,44,16540,8080,1,47,53.15,Bot Activity,1
17.227,TCP,970,3233,15,33906,53,0,5,1.52,Normal,0
0.887,TCP,454,117,11,36818,3389,31,40,83.48,Brute Force,1
3.453,UDP,1186,4074,38,3217,80,0,7,3.47,Normal,0
9.421,ICMP,420,23500,20,47220,24156,3,90,154.84,Suspicious Traffic,1
0.203,UDP,101,77,1,45778,443,3,75,183.78,Port Scan,1
3.111,ICMP,1264,4077,28,10336,53,0,2,5.55,Normal,0
0.707,UDP,1447,4679,14,6152,80,0,5,3.39,Normal,0
11.021,UDP,14078,12371,64,42356,48608,9,109,134.51,Suspicious Traffic,1
0.026,ICMP,978,28,983,44523,53,0,889,2430.05,DoS,1
9.199,UDP,1490,4771,23,6142,53,0,4,8.89,Normal,0
2.827,TCP,1108,3056,12,60242,53,0,4,1.58,Normal,0
3.663,UDP,1222,3111,17,1731,8080,0,1,14.07,Normal,0
1.237,TCP,1178,5338,10,60404,8080,0,11,4.54,Normal,0
0.131,TCP,645,278,7,22751,445,18,26,71.8,Brute Force,1
0.348,UDP,1458,5787,31,24153,53,0,2,1.15,Normal,0
1.372,UDP,1193,1186,20,3340,53,0,3,3.29,Normal,0
0.107,TCP,363,261,8,37968,3389,27,79,33.81,Brute Force,1
0.97,TCP,372,379,11,5050,445,33,72,51.54,Brute Force,1
0.053,TCP,97,77,2,48771,80,1,141,197.61,Port Scan,1
0.023,TCP,83,47,1,39560,80,0,84,227.93,Port Scan,1
4.773,TCP,1284,5038,16,19821,8080,0,4,4.6,Normal,0
3.793,TCP,2654,3137,78,34159,80,0,29,70.22,Bot Activity,1
1.425,TCP,1388,5196,24,56825,53,0,5,12.2,Normal,0
0.433,UDP,1285,6452,40,41381,53,0,9,11.56,Normal,0
0.557,UDP,845,3934,14,17864,80,0,1,14.51,Normal,0
0.27,TCP,117,72,2,59823,22,1,76,108.17,Port Scan,1
0.256,TCP,92,54,1,42116,22,0,125,97.76,Port Scan,1
2.108,TCP,1593,2414,27,18146,443,0,8,3.71,Normal,0
0.469,TCP,56,20,1,58246,80,1,50,268.74,Port Scan,1
1.105,TCP,1047,1799,30,23493,80,0,1,11.83,Normal,0
0.154,TCP,82,67,1,56926,22,0,128,209.78,Port Scan,1
3.518,TCP,1086,4757,41,55918,8080,0,11,6.44,Normal,0
0.001,UDP,375,47,138,28087,443,0,865,2595.23,DoS,1
0.016,UDP,84,54,750,16619,53,0,624,2326.48,DoS,1
1.98,TCP,1286,4674,32,29872,443,0,4,5.55,Normal,0
0.371,TCP,41,28,1,41307,80,1,126,247.64,Port Scan,1
1.759,TCP,1382,3665,15,43116,53,0,2,8.82,Normal,0
6.423,UDP,307,4104,13,8626,80,0,2,8.62,Normal,0
0.442,TCP,395,242,6,27157,445,17,73,83.45,Brute Force,1
3.082,TCP,2786,5043,43,20775,443,1,39,51.26,Bot Activity,1
0.433,UDP,707,3586,17,49924,443,0,5,13.93,Normal,0
5.539,TCP,1020,5430,28,47267,8080,0,4,3.98,Normal,0
0.179,UDP,99,72,3,58517,8080,0,98,295.35,Port Scan,1
0.005,UDP,324,63,225,1802,443,0,647,2163.0,DoS,1
8.625,TCP,2360,5435,87,61791,443,1,45,99.17,Bot Activity,1
3.366,TCP,1578,4238,24,26060,53,0,4,4.74,Normal,0
4.659,TCP,1194,2984,13,45777,80,0,4,12.2,Normal,0
3.688,TCP,951,4074,26,35843,53,0,6,2.41,Normal,0
2.633,UDP,11543,2408,122,29322,40009,6,16,201.97,Suspicious Traffic,1
0.534,TCP,1252,6138,24,61189,53,0,3,12.44,Normal,0
0.25,TCP,108,9,3,33220,53,3,148,190.15,Port Scan,1
2.203,TCP,514,3799,21,43908,8080,0,2,12.93,Normal,0
3.546,TCP,813,4215,28,45280,443,0,2,9.5,Normal,0
1.708,UDP,1017,4733,25,39607,443,0,5,7.59,Normal,0
2.228,TCP,1274,5454,27,45439,443,0,1,2.87,Normal,0
2.589,TCP,696,4999,19,1718,80,0,5,9.53,Normal,0
2.762,UDP,1064,4773,38,1808,8080,0,4,5.38,Normal,0
3.111,UDP,941,6039,20,7834,8080,0,4,1.22,Normal,0
0.351,TCP,1294,6227,13,48555,53,0,6,12.6,Normal,0
0.053,ICMP,1277,46,760,3255,80,0,284,1177.09,DoS,1
0.122,TCP,1071,5206,25,41617,80,0,6,4.32,Normal,0
0.718,ICMP,1212,4595,27,39962,443,0,3,10.06,Normal,0
3.652,TCP,1087,4490,20,42842,80,0,2,3.25,Normal,0
0.165,TCP,720,382,14,8887,22,34,70,62.83,Brute Force,1
0.117,TCP,96,73,1,34256,8080,0,56,116.7,Port Scan,1
4.57,TCP,1042,8004,25,44042,443,0,1,3.35,Normal,0
0.407,UDP,1000,6052,9,46615,443,0,3,11.74,Normal,0
3.618,TCP,1060,3087,27,31627,80,0,2,1.71,Normal,0
0.076,TCP,758,28,752,61494,443,0,521,582.34,DoS,1
1.669,ICMP,1158,4685,27,51445,8080,0,5,1.12,Normal,0
0.235,TCP,94,48,3,55235,3389,0,165,108.66,Port Scan,1
9.361,UDP,1594,2215,30,17889,443,0,10,7.58,Normal,0
0.205,TCP,42,35,3,32044,8080,1,43,209.08,Port Scan,1
0.154,TCP,78,79,2,31968,53,0,140,95.01,Port Scan,1
6.573,TCP,1375,1657,26,63651,53,0,5,1.61,Normal,0
0.257,UDP,78,55,1,36575,8080,2,136,104.12,Port Scan,1
0.172,TCP,1502,5411,27,12719,8080,0,1,8.4,Normal,0
0.748,UDP,1338,4186,35,36455,8080,0,5,5.07,Normal,0
0.225,TCP,683,216,11,43186,22,24,21,73.3,Brute Force,1
2.535,TCP,1460,3728,17,60833,8080,0,8,9.93,Normal,0
1.078,TCP,302,344,10,7794,22,16,33,46.62,Brute Force,1
2.441,TCP,1279,3231,19,5803,80,0,4,5.14,Normal,0
1.952,TCP,866,5724,13,17448,8080,1,1,6.08,Normal,0
11.78,ICMP,1409,19925,107,33642,9756,3,78,110.05,Suspicious Traffic,1
0.612,TCP,447,332,16,43811,22,17,36,40.81,Brute Force,1
5.387,TCP,1888,3737,82,62163,80,2,55,68.02,Bot Activity,1
0.915,TCP,1528,4818,16,44580,8080,0,1,6.11,Normal,0
0.85,TCP,1472,5315,36,46903,53,0,2,9.93,Normal,0
4.823,TCP,4973,6442,76,38684,80,0,37,79.91,Bot Activity,1
1.035,ICMP,683,4043,19,34801,8080,0,5,8.22,Normal,0
1.207,UDP,1208,6343,9,27495,80,0,4,7.26,Normal,0
2.897,TCP,2126,3451,63,1241,443,2,40,55.7,Bot Activity,1
1.337,TCP,769,4545,26,63556,8080,0,8,12.82,Normal,0
9.489,TCP,1851,7668,77,36106,443,1,19,50.26,Bot Activity,1
3.594,TCP,17719,19,139,22877,44685,6,39,127.51,Suspicious Traffic,1
3.533,UDP,929,6296,25,20871,8080,0,7,9.68,Normal,0
0.285,TCP,108,48,3,51203,443,1,186,220.41,Port Scan,1
0.493,TCP,46,34,1,57962,3389,3,165,279.26,Port Scan,1
0.129,UDP,88,77,3,45061,53,2,79,288.22,Port Scan,1
0.63,TCP,1888,6729,29,43478,443,0,4,13.81,Normal,0
1.524,UDP,752,6821,7,3602,8080,0,1,4.3,Normal,0
2.999,UDP,970,6419,39,20611,8080,0,4,9.82,Normal,0
2.687,UDP,1745,4952,19,42353,53,0,5,6.24,Normal,0
4.089,TCP,995,6819,39,59038,8080,0,4,5.15,Normal,0
1.936,TCP,1250,3587,26,10196,80,0,5,8.31,Normal,0
1.312,TCP,1530,6562,19,48193,443,0,10,11.19,Normal,0
0.544,TCP,953,5547,33,5153,53,0,4,9.2,Normal,0
0.936,UDP,1946,2154,2,64264,8080,0,2,4.13,Normal,0
0.362,UDP,61,63,3,41117,80,1,88,265.09,Port Scan,1
0.109,UDP,855,1877,36,23157,80,0,4,5.73,Normal,0
0.062,UDP,531,15,661,14897,53,0,557,2776.29,DoS,1
1.893,TCP,1055,6582,31,44758,8080,0,3,9.36,Normal,0
2.459,UDP,1089,4848,20,58054,443,0,5,6.25,Normal,0
1.946,TCP,1028,2849,24,16293,80,1,7,12.24,Normal,0
0.097,UDP,519,61,831,10304,443,0,869,537.93,DoS,1
8.003,TCP,4187,2489,43,43874,80,2,37,68.82,Bot Activity,1
0.01,TCP,603,22,376,31906,53,0,368,932.28,DoS,1
6.395,TCP,868,3762,11,4026,443,0,2,9.42,Normal,0
0.601,TCP,615,314,17,9579,22,5,52,41.46,Brute Force,1
0.218,TCP,752,5137,22,12313,80,0,2,5.31,Normal,0
1.679,UDP,1532,8497,24,54812,80,0,1,10.87,Normal,0
0.547,UDP,1634,3530,21,12211,80,0,7,12.83,Normal,0
0.453,UDP,60,74,1,46290,21,1,68,69.85,Port Scan,1
1.333,TCP,1010,2489,11,5160,443,0,1,13.16,Normal,0
0.152,TCP,643,1192,24,54208,8080,0,6,11.5,Normal,0
3.877,TCP,887,505,31,64978,443,0,2,9.09,Normal,0
0.953,TCP,1724,4192,10,64247,443,0,3,8.12,Normal,0
0.032,TCP,97,60,1,40993,443,0,72,249.16,Port Scan,1
4.073,TCP,1322,6791,31,8938,53,0,4,11.01,Normal,0
2.636,TCP,797,1687,16,28232,443,0,5,8.27,Normal,0
0.951,TCP,1371,4546,38,37293,443,0,5,4.33,Normal,0
1.066,TCP,631,198,17,61690,22,17,56,94.67,Brute Force,1
6.149,TCP,2541,7982,70,9765,80,1,40,70.35,Bot Activity,1
0.049,UDP,1270,52,749,52867,53,0,883,1468.07,DoS,1
4.72,TCP,1393,3513,15,41161,8080,0,6,12.86,Normal,0
4.037,TCP,905,6658,34,2049,8080,0,3,1.49,Normal,0
9.899,TCP,15239,6941,193,1498,11759,1,147,66.46,Suspicious Traffic,1
0.223,TCP,92,16,2,53158,53,1,141,193.9,Port Scan,1
2.487,TCP,1040,5100,39,28302,8080,0,3,14.72,Normal,0
9.094,TCP,2054,7486,82,14535,80,1,32,74.09,Bot Activity,1
0.138,TCP,41,11,2,47140,445,0,162,76.67,Port Scan,1
0.09,ICMP,1126,6,494,28027,80,0,305,2969.25,DoS,1
2.301,UDP,1252,4822,21,62503,443,0,10,9.48,Normal,0
5.484,TCP,1641,4451,27,3490,443,0,5,1.86,Normal,0
5.31,UDP,291,2116,18,41136,80,0,3,10.25,Normal,0
7.083,TCP,1200,4177,12,52312,53,0,4,7.92,Normal,0
5.626,TCP,1225,4862,9,1324,443,0,5,5.22,Normal,0
2.726,TCP,1220,3274,26,35772,80,0,7,14.31,Normal,0
12.715,TCP,1448,8614,17,57564,443,0,5,1.29,Normal,0
2.45,TCP,419,4494,39,42080,443,0,13,1.27,Normal,0
0.237,UDP,1481,3948,14,13720,80,0,11,4.12,Normal,0
0.453,TCP,58,14,3,59867,445,2,107,146.08,Port Scan,1
0.077,UDP,458,60,687,33630,80,0,976,1950.29,DoS,1
0.994,TCP,468,389,6,11495,22,25,59,44.44,Brute Force,1
2.305,TCP,1224,4725,45,4565,53,0,4,12.37,Normal,0
0.259,TCP,1359,3472,36,29511,53,0,6,4.76,Normal,0
6.323,UDP,702,5678,31,53791,8080,1,6,4.23,Normal,0
0.203,TCP,49,61,1,47608,22,0,165,235.53,Port Scan,1
7.174,TCP,807,4071,14,11382,80,0,3,9.71,Normal,0
0.974,UDP,1385,2346,31,8631,80,0,2,9.75,Normal,0
0.175,TCP,405,146,8,48302,445,5,59,80.85,Brute Force,1
2.311,UDP,1810,6777,16,39868,53,0,8,10.81,Normal,0
0.002,UDP,377,29,867,49986,53,0,859,2729.82,DoS,1
5.024,TCP,3797,4342,51,59900,443,1,48,77.62,Bot Activity,1
0.92,TCP,310,289,11,16102,22,10,47,95.75,Brute Force,1
0.016,TCP,49,73,3,33213,21,1,86,248.21,Port Scan,1
3.067,TCP,644,4004,13,49374,8080,0,7,11.64,Normal,0
1.552,TCP,1914,3358,35,25635,443,0,7,8.72,Normal,0
1.509,UDP,924,4992,22,39369,8080,0,1,5.58,Normal,0
1.609,ICMP,19517,24835,199,29589,9499,2,21,71.87,Suspicious Traffic,1
3.75,TCP,405,6442,23,15191,8080,0,8,5.19,Normal,0
3.045,TCP,703,5041,17,25501,443,0,2,1.54,Normal,0
2.728,TCP,1507,2919,26,13749,53,0,1,8.15,Normal,0
3.261,TCP,1349,4509,21,14277,53,0,6,5.9,Normal,0
10.804,TCP,727,3713,17,46389,80,0,2,9.96,Normal,0
2.225,UDP,970,5157,26,8306,8080,0,5,1.07,Normal,0
0.371,TCP,79,3,2,41258,21,1,146,138.48,Port Scan,1
1.314,TCP,1370,5395,16,59116,53,0,1,10.68,Normal,0
0.853,TCP,570,386,15,52768,21,14,72,79.83,Brute Force,1
0.009,ICMP,633,58,168,38912,53,0,772,2339.22,DoS,1
11.648,ICMP,11746,15890,27,57058,15054,4,44,63.28,Suspicious Traffic,1
6.015,UDP,873,3226,22,6692,8080,0,2,9.23,Normal,0
2.06,TCP,1543,5314,18,33086,443,0,4,5.15,Normal,0
1.675,TCP,598,4199,12,55877,8080,0,5,1.01,Normal,0
0.067,TCP,1017,39,526,48867,443,0,535,2717.67,DoS,1
1.37,TCP,1252,4627,28,49271,443,0,6,14.82,Normal,0
0.378,TCP,118,0,2,37287,22,5,41,52.76,Port Scan,1
1.529,TCP,1503,4228,34,60908,80,0,3,13.64,Normal,0
1.581,UDP,799,6319,22,3923,80,0,3,2.83,Normal,0
0.859,TCP,1240,4874,19,49094,80,0,9,5.55,Normal,0
0.091,TCP,77,50,356,26867,443,0,207,2512.47,DoS,1
2.99,UDP,1297,9223,14,54090,80,0,1,12.15,Normal,0
0.546,TCP,214,1644,21,16787,80,0,11,3.01,Normal,0
6.032,TCP,1528,6992,18,1839,8080,0,6,14.18,Normal,0
4.794,TCP,1535,5571,8,9722,53,0,1,10.21,Normal,0
3.426,TCP,1423,2918,28,43468,80,1,7,12.47,Normal,0
0.027,UDP,343,26,602,44870,443,0,771,575.35,DoS,1
2.445,TCP,1463,6291,19,11628,8080,0,3,9.81,Normal,0
0.563,TCP,941,4012,40,49999,80,0,5,9.06,Normal,0
0.24,TCP,517,282,14,31418,21,16,33,53.25,Brute Force,1
0.129,TCP,2202,3975,24,58316,8080,0,7,2.61,Normal,0
0.39,UDP,801,5702,27,58143,53,0,7,14.35,Normal,0
0.548,ICMP,189,19004,27,47155,41511,7,89,51.71,Suspicious Traffic,1
3.708,TCP,529,8081,31,1114,80,0,6,5.24,Normal,0
2.873,UDP,683,3206,17,46294,53,0,2,2.89,Normal,0
0.924,TCP,1590,9089,32,20462,8080,0,3,3.62,Normal,0
2.127,UDP,476,2319,7,46772,443,0,7,10.93,Normal,0
4.432,TCP,1097,5924,17,6330,53,0,2,12.9,Normal,0
1.133,TCP,1100,5098,21,4617,53,0,6,2.18,Normal,0
0.949,TCP,447,127,8,8297,445,12,26,85.16,Brute Force,1
0.63,TCP,1682,4703,26,24984,8080,0,3,11.04,Normal,0
12.204,TCP,8771,7159,111,24983,24015,5,70,41.89,Suspicious Traffic,1
7.824,TCP,1898,2878,22,12511,80,0,3,14.17,Normal,0
3.583,UDP,841,3450,26,51722,443,0,5,2.59,Normal,0
2.528,TCP,1455,4508,34,22974,443,0,4,10.25,Normal,0
3.511,TCP,905,3055,46,43560,8080,0,8,14.55,Normal,0
0.021,UDP,75,8,279,50326,53,0,677,986.71,DoS,1
0.795,TCP,1478,7181,34,58115,443,0,7,11.35,Normal,0
1.029,TCP,618,2669,31,50890,443,0,7,1.06,Normal,0
2.543,TCP,1656,4272,17,59871,53,0,3,7.8,Normal,0
1.146,TCP,744,237,13,28742,3389,7,52,46.75,Brute Force,1
0.278,TCP,917,4612,14,4594,80,0,9,6.6,Normal,0
0.649,TCP,662,251,13,30674,445,16,20,73.55,Brute Force,1
1.615,TCP,1541,2398,31,33888,80,0,1,13.92,Normal,0
3.952,TCP,904,3198,25,35883,53,0,2,7.98,Normal,0
0.562,UDP,1245,6073,21,25151,80,0,4,13.16,Normal,0
0.133,TCP,1074,7062,26,58957,8080,0,4,9.99,Normal,0
0.113,TCP,103,38,2,35859,53,1,80,51.19,Port Scan,1
1.759,UDP,892,2455,26,63825,80,0,3,10.92,Normal,0
0.034,TCP,1106,45,943,19109,80,0,364,2263.23,DoS,1
1.737,TCP,1642,7002,23,46708,443,0,4,6.53,Normal,0
0.199,TCP,973,6280,29,58368,443,0,4,1.58,Normal,0
0.631,TCP,772,218,14,42134,22,25,62,83.27,Brute Force,1
6.61,TCP,4642,3006,67,20238,443,1,27,97.96,Bot Activity,1
1.014,TCP,456,304,9,64567,21,22,47,67.8,Brute Force,1
0.542,TCP,1277,3454,24,32082,53,0,2,11.33,Normal,0
0.892,TCP,650,3744,38,49371,80,0,2,9.55,Normal,0
2.639,TCP,1134,5002,34,5150,80,0,7,4.1,Normal,0
0.05,UDP,273,16,627,16250,53,0,455,1749.23,DoS,1
2.658,TCP,467,3148,23,43274,53,0,4,4.13,Normal,0
4.893,TCP,1647,2832,34,23490,8080,1,23,77.38,Bot Activity,1
4.173,TCP,1902,4003,38,43364,53,0,4,10.26,Normal,0
1.853,ICMP,1474,4911,24,44662,8080,0,1,13.72,Normal,0
8.679,TCP,1150,5853,28,38200,443,0,2,14.69,Normal,0
1.65,TCP,990,5004,17,21111,443,0,3,8.74,Normal,0
0.052,TCP,873,51,218,15887,443,0,258,969.52,DoS,1
0.3,TCP,83,19,1,39441,80,1,184,195.13,Port Scan,1
1.675,UDP,1623,4143,29,10746,53,0,1,12.81,Normal,0
0.049,UDP,68,16,350,63691,80,0,274,1199.24,DoS,1
8.766,TCP,1289,4449,24,41567,443,0,1,10.06,Normal,0
3.256,TCP,1145,4285,27,19718,443,0,6,10.18,Normal,0
0.966,TCP,766,4088,17,56031,443,0,6,3.67,Normal,0
0.826,TCP,615,225,10,8687,22,6,27,27.96,Brute Force,1
0.976,TCP,524,132,12,21775,21,30,50,24.4,Brute Force,1
5.871,UDP,990,5162,12,29919,53,0,3,5.42,Normal,0
1.234,TCP,507,3751,27,14470,80,0,8,4.32,Normal,0
0.153,TCP,1431,3193,26,65120,53,0,1,2.13,Normal,0
0.743,TCP,343,354,12,30413,21,32,79,71.74,Brute Force,1
4.728,ICMP,947,6988,23,35997,53,0,7,12.06,Normal,0
0.098,UDP,82,59,3,46364,22,1,118,169.57,Port Scan,1
0.001,UDP,952,58,511,63139,443,0,726,2931.87,DoS,1
0.043,TCP,53,65,2,35113,80,3,158,62.19,Port Scan,1
0.617,UDP,1009,5419,36,64604,53,0,1,11.34,Normal,0
0.498,TCP,109,33,1,59359,53,2,158,54.79,Port Scan,1
0.078,TCP,615,6,834,64569,53,0,814,2075.62,DoS,1
0.861,TCP,1015,2048,18,44730,443,0,1,10.13,Normal,0
0.039,UDP,257,34,929,48770,443,0,222,1168.89,DoS,1
2.004,TCP,1148,6118,31,23221,80,0,4,5.48,Normal,0
0.097,TCP,802,34,879,60018,80,0,443,2495.11,DoS,1
12.685,ICMP,5583,13220,74,10162,44434,1,99,192.14,Suspicious Traffic,1
1.115,TCP,515,395,8,37132,22,22,79,43.98,Brute Force,1
0.158,TCP,564,261,13,21215,22,26,24,36.4,Brute Force,1
10.551,UDP,9831,2017,178,27346,40470,9,79,60.75,Suspicious Traffic,1
1.875,TCP,1397,2297,24,56132,443,0,7,13.0,Normal,0
0.01,TCP,747,37,483,7085,443,0,461,2102.49,DoS,1
8.711,TCP,891,3357,34,4631,443,0,6,10.41,Normal,0
8.044,UDP,1957,1942,36,15583,53,0,4,5.23,Normal,0
0.55,TCP,1258,7719,19,6503,8080,0,1,6.22,Normal,0
12.877,ICMP,16147,24030,160,63783,5727,2,55,108.63,Suspicious Traffic,1
2.28,UDP,1063,1825,34,64977,8080,0,6,4.55,Normal,0
5.511,TCP,1610,4950,11,21849,80,0,2,8.95,Normal,0
21.093,TCP,329,6459,20,24687,8080,0,2,4.46,Normal,0
0.7,TCP,448,246,8,56979,445,8,52,43.51,Brute Force,1
5.188,TCP,1451,4490,39,25249,8080,0,7,7.04,Normal,0
2.697,TCP,1161,3022,3,19679,53,0,1,12.35,Normal,0
0.935,TCP,482,121,10,65087,445,31,52,67.02,Brute Force,1
1.425,TCP,1446,4770,26,58323,80,0,6,1.28,Normal,0
4.589,UDP,1236,5458,27,59208,8080,0,5,9.25,Normal,0
0.238,TCP,619,386,7,28262,445,27,37,91.53,Brute Force,1
1.635,TCP,1714,4581,18,19940,443,0,1,12.09,Normal,0
1.386,TCP,1604,5011,9,64618,8080,0,5,1.2,Normal,0
0.252,TCP,102,55,3,57378,443,1,85,169.22,Port Scan,1
0.005,ICMP,1490,38,398,10438,80,0,378,1191.23,DoS,1
1.711,TCP,866,6634,27,20897,8080,0,1,14.63,Normal,0
0.251,TCP,102,58,3,40990,443,0,177,125.26,Port Scan,1
3.53,TCP,4743,7782,38,62180,8080,3,18,53.58,Bot Activity,1
12.728,TCP,1939,5219,17,50577,8080,0,1,2.37,Normal,0
0.598,TCP,1068,5604,5,27859,53,0,8,2.04,Normal,0
1.411,UDP,781,2217,31,37450,8080,0,7,12.18,Normal,0
8.16,TCP,2926,6929,60,50520,80,0,28,54.03,Bot Activity,1
0.61,TCP,1660,4940,17,14083,443,0,5,2.98,Normal,0
0.211,TCP,893,3335,33,19995,8080,1,6,6.42,Normal,0
0.035,TCP,537,38,430,55174,443,0,738,1092.34,DoS,1
0.18,TCP,76,44,3,39958,445,0,173,230.46,Port Scan,1
9.32,TCP,718,4249,12,37678,8080,0,5,7.01,Normal,0
3.282,TCP,987,5975,40,52878,80,0,4,9.76,Normal,0
1.32,TCP,519,5944,30,20696,8080,0,9,3.04,Normal,0
0.726,TCP,1771,9564,17,44666,53,0,6,14.25,Normal,0
0.993,TCP,1008,6304,30,33261,443,1,5,11.74,Normal,0
4.491,UDP,1663,5630,24,51141,53,0,6,1.94,Normal,0
0.219,TCP,520,5662,34,64635,80,0,6,6.89,Normal,0
0.009,UDP,1253,20,368,24733,53,0,444,2528.48,DoS,1
0.034,UDP,263,30,998,32514,53,0,327,2868.91,DoS,1
1.169,TCP,389,164,6,29603,3389,23,68,49.59,Brute Force,1
4.046,TCP,1650,5030,17,42181,8080,0,1,10.78,Normal,0
1.318,TCP,694,3847,14,54651,80,0,11,1.55,Normal,0
0.149,TCP,1545,2841,15,49060,80,0,1,11.15,Normal,0
2.132,UDP,1082,5327,27,11697,80,0,6,14.03,Normal,0
0.34,TCP,40,37,1,52717,22,0,196,71.38,Port Scan,1
0.095,TCP,40,40,1,31733,53,1,70,58.04,Port Scan,1
0.161,TCP,931,4512,31,24694,8080,0,3,7.48,Normal,0
3.1,UDP,1458,5268,35,63622,53,1,3,2.09,Normal,0
3.119,TCP,869,2752,23,20139,80,0,3,1.62,Normal,0
0.45,TCP,90,52,2,36004,443,0,41,135.99,Port Scan,1
1.156,TCP,515,209,11,40265,21,25,56,34.89,Brute Force,1
0.234,TCP,89,19,2,58588,3389,0,180,171.99,Port Scan,1
0.205,TCP,471,4936,12,55211,53,0,7,12.48,Normal,0
11.209,TCP,1710,3277,14,46766,53,0,6,5.99,Normal,0
2.476,TCP,798,3518,12,39038,53,0,3,14.48,Normal,0
6.213,TCP,671,3598,39,1870,443,0,8,7.55,Normal,0
6.368,ICMP,1987,2709,5,25470,8080,0,3,2.08,Normal,0
4.365,TCP,1590,4815,18,61377,443,0,3,11.81,Normal,0
0.633,TCP,1584,4085,11,11153,443,0,10,8.48,Normal,0
2.019,TCP,2227,7775,87,53133,8080,0,21,70.79,Bot Activity,1
2.76,TCP,1190,3449,24,41226,80,0,6,5.99,Normal,0
8.214,ICMP,1695,20731,123,61058,5007,4,71,74.99,Suspicious Traffic,1
1.032,TCP,1224,5472,26,8664,443,0,3,1.87,Normal,0
0.377,TCP,92,58,1,40209,3389,1,94,285.69,Port Scan,1
8.661,TCP,909,4444,18,10135,8080,0,5,3.46,Normal,0
3.553,TCP,1161,3857,27,40192,53,0,3,5.37,Normal,0
0.108,TCP,76,21,2,54394,443,2,188,115.95,Port Scan,1
2.479,TCP,1249,3726,38,15597,443,0,2,12.31,Normal,0
0.104,TCP,865,5743,30,10354,443,0,4,5.17,Normal,0
0.692,TCP,1252,5311,34,14777,443,0,1,9.75,Normal,0
0.534,TCP,1068,4428,27,28865,80,0,5,5.9,Normal,0
1.866,TCP,4063,2685,46,51795,443,1,41,100.89,Bot Activity,1
2.351,UDP,597,4106,21,50657,8080,1,1,10.98,Normal,0
0.445,TCP,605,5239,28,8090,80,0,1,11.66,Normal,0
2.258,TCP,1124,5259,16,34676,80,0,5,13.53,Normal,0
1.17,TCP,604,256,12,60566,3389,29,68,96.77,Brute Force,1
0.751,TCP,776,1022,29,3861,80,0,3,3.5,Normal,0
4.636,ICMP,1593,3130,19,1698,80,0,8,3.24,Normal,0
3.126,TCP,1257,4277,33,61324,443,0,6,14.06,Normal,0
1.155,TCP,777,285,14,14133,21,28,53,89.96,Brute Force,1
0.132,TCP,111,45,2,30958,443,0,177,282.74,Port Scan,1
1.135,TCP,451,358,11,10564,3389,31,53,90.98,Brute Force,1
1.154,TCP,1444,3686,16,63205,53,0,6,4.87,Normal,0
1.772,TCP,3416,5132,73,57067,8080,0,57,69.9,Bot Activity,1
1.127,TCP,583,3547,25,52195,443,0,1,10.37,Normal,0
0.066,TCP,112,58,912,5503,80,0,502,572.59,DoS,1
0.398,TCP,83,32,3,55009,80,0,110,56.12,Port Scan,1
7.168,TCP,1175,6600,26,35682,443,0,8,1.06,Normal,0
0.016,TCP,748,3,147,64218,443,0,810,1251.13,DoS,1
2.176,TCP,1354,4913,26,12282,80,0,3,5.45,Normal,0
1.754,TCP,1251,3173,9,7492,443,0,6,13.12,Normal,0
1.243,TCP,1285,4874,32,56815,8080,0,3,10.82,Normal,0
14.064,TCP,10930,12911,34,39650,12133,1,120,223.51,Suspicious Traffic,1
0.039,TCP,93,19,1,33516,22,0,164,212.15,Port Scan,1
2.856,TCP,2023,3216,37,55730,53,0,6,5.02,Normal,0
0.584,TCP,635,236,17,28818,21,25,55,50.24,Brute Force,1
0.087,TCP,396,17,298,34726,80,0,633,2671.35,DoS,1
0.975,TCP,524,196,15,27736,22,31,32,71.22,Brute Force,1
0.279,UDP,1225,3937,21,50924,53,0,8,1.63,Normal,0
0.466,UDP,97,46,1,34453,445,0,151,107.76,Port Scan,1
0.047,UDP,1146,49,678,50981,443,0,950,2955.75,DoS,1
8.418,TCP,3969,5979,36,47210,443,0,15,46.68,Bot Activity,1
0.496,UDP,1486,3653,10,37537,80,0,3,11.62,Normal,0
4.205,TCP,933,5811,53,33380,80,0,6,14.2,Normal,0
6.999,UDP,1544,5540,10,30971,53,0,6,3.65,Normal,0
0.073,TCP,947,28,242,56146,443,0,625,1203.8,DoS,1
1.673,TCP,1153,3693,29,15827,8080,0,3,7.15,Normal,0
0.364,TCP,984,6277,21,57082,8080,0,1,8.77,Normal,0
2.57,TCP,1547,6645,28,5586,8080,0,1,6.42,Normal,0
0.296,TCP,46,51,3,30418,445,1,174,93.79,Port Scan,1
0.045,UDP,1233,32,459,45071,80,0,932,1077.13,DoS,1
1.222,UDP,1037,5417,25,27001,8080,0,6,1.1,Normal,0
0.499,TCP,906,5563,25,45361,80,0,5,10.7,Normal,0
5.68,TCP,1338,4929,6,26899,8080,0,8,10.14,Normal,0
0.781,TCP,1165,2249,36,65091,80,0,3,13.92,Normal,0
7.149,TCP,2239,2238,38,59511,80,2,35,107.67,Bot Activity,1
2.803,TCP,1039,2136,14,5265,53,0,6,11.7,Normal,0
4.352,TCP,731,6027,20,23217,443,0,8,10.31,Normal,0
1.186,TCP,1538,6621,68,27520,80,0,37,38.56,Bot Activity,1
1.481,UDP,2223,3595,21,16286,8080,0,7,10.81,Normal,0
0.021,TCP,1471,62,300,19277,53,0,253,1177.3,DoS,1
1.554,TCP,1082,5538,25,51223,53,0,3,1.84,Normal,0
5.777,TCP,785,6120,25,53518,8080,0,3,12.69,Normal,0
2.501,UDP,959,5352,25,44716,8080,0,10,11.44,Normal,0
0.442,TCP,2518,2329,5,34541,53,0,1,8.21,Normal,0
7.609,TCP,1300,1844,39,30819,80,0,8,9.19,Normal,0
0.185,TCP,928,4331,19,33094,8080,0,8,13.79,Normal,0
0.247,TCP,1189,4288,23,62786,443,1,7,2.3,Normal,0
1.823,TCP,1698,4314,19,49377,80,0,2,9.33,Normal,0
4.745,UDP,1300,3291,21,33670,80,0,3,3.49,Normal,0
2.495,TCP,851,4246,27,26101,53,0,2,14.71,Normal,0
7.542,TCP,1200,201,15,41786,80,0,9,13.09,Normal,0
1.548,TCP,595,5582,19,44349,8080,0,1,10.62,Normal,0
0.912,TCP,470,399,16,14258,3389,29,42,96.56,Brute Force,1
0.586,TCP,570,282,13,44415,445,5,55,42.66,Brute Force,1
2.982,TCP,1674,6517,21,33154,53,0,5,11.97,Normal,0
12.84,UDP,15355,14028,119,54075,56340,8,111,161.56,Suspicious Traffic,1
0.594,TCP,360,267,9,36449,22,21,74,87.23,Brute Force,1
5.189,TCP,901,4392,9,63453,80,0,9,8.17,Normal,0
0.346,TCP,520,321,10,58704,22,16,49,30.04,Brute Force,1
0.012,UDP,812,62,689,26166,443,0,430,1102.0,DoS,1
3.632,TCP,1013,4667,31,21639,8080,0,8,14.49,Normal,0
1.006,TCP,1421,3289,15,3383,80,0,6,3.22,Normal,0
6.175,TCP,686,3133,41,44240,53,0,3,13.19,Normal,0
2.999,TCP,1203,4145,35,11782,8080,0,7,7.45,Normal,0
0.274,TCP,90,47,2,42749,445,0,82,159.99,Port Scan,1
3.823,TCP,1000,3485,31,51095,80,0,2,7.58,Normal,0
0.214,TCP,111,78,3,48146,1433,3,198,205.77,Port Scan,1
0.697,TCP,429,206,16,38525,445,31,55,49.8,Brute Force,1
5.498,UDP,585,5503,1,32214,443,0,3,5.95,Normal,0
2.058,TCP,690,6198,18,26674,53,0,4,14.9,Normal,0
0.161,TCP,1337,5199,17,64651,8080,0,6,10.21,Normal,0
0.73,TCP,746,183,8,24143,3389,21,50,41.56,Brute Force,1
0.175,TCP,69,62,2,30922,80,1,172,234.58,Port Scan,1
0.096,TCP,190,43,451,9426,443,0,855,529.95,DoS,1
0.249,TCP,445,390,6,23888,22,30,78,37.4,Brute Force,1
10.858,TCP,10550,10738,5,51172,58416,6,82,169.45,Suspicious Traffic,1
0.474,TCP,814,3899,21,41995,53,0,6,12.51,Normal,0
2.602,TCP,537,5488,10,29084,53,0,6,6.88,Normal,0
3.115,TCP,113,2865,43,28021,53,0,5,10.55,Normal,0
5.351,TCP,1434,4665,5,17030,443,0,11,2.87,Normal,0
0.511,TCP,650,159,6,21478,22,30,36,89.88,Brute Force,1
0.054,TCP,391,40,191,60688,53,0,760,529.91,DoS,1
0.424,UDP,77,66,3,39991,443,1,83,265.22,Port Scan,1
4.099,TCP,986,2647,32,23149,443,1,4,13.43,Normal,0
0.514,TCP,302,304,10,22397,22,30,56,77.72,Brute Force,1
2.571,TCP,1095,5848,14,31231,8080,0,7,4.63,Normal,0
1.006,TCP,1244,8813,52,60099,8080,0,4,5.02,Normal,0
0.256,TCP,66,66,3,49267,80,1,187,184.22,Port Scan,1
6.286,TCP,1147,3985,28,21768,8080,0,5,9.92,Normal,0
1.831,TCP,1712,5625,87,22155,8080,1,17,53.8,Bot Activity,1
1.131,TCP,1214,5874,20,7429,8080,0,5,1.76,Normal,0
5.557,TCP,1274,4839,17,45269,443,0,10,5.07,Normal,0
1.573,UDP,1078,3681,43,33974,53,0,6,9.83,Normal,0
8.16,TCP,3449,3288,57,20654,443,1,52,116.58,Bot Activity,1
1.971,TCP,1147,3612,36,64557,8080,0,1,8.5,Normal,0
1.697,TCP,1132,5087,15,42669,80,0,5,1.99,Normal,0
3.484,TCP,521,5216,32,36141,443,0,4,12.98,Normal,0
0.78,TCP,1001,6247,37,4140,53,0,1,14.46,Normal,0
10.754,TCP,18601,290,118,27372,52731,3,96,138.96,Suspicious Traffic,1
5.619,TCP,1113,2345,24,15828,80,0,1,13.65,Normal,0
4.935,TCP,1285,5766,25,38917,80,0,4,14.32,Normal,0
2.283,UDP,345,3974,19,18940,80,0,5,11.54,Normal,0
1.017,TCP,603,3070,25,35828,8080,0,8,13.38,Normal,0
0.042,TCP,205,30,951,23786,80,0,648,2168.91,DoS,1
0.487,TCP,1143,5184,39,43724,53,0,9,13.04,Normal,0
0.627,TCP,1216,3685,37,20679,8080,0,5,14.28,Normal,0
6.748,UDP,1305,4283,15,21560,443,0,10,10.52,Normal,0
0.403,UDP,1421,5678,42,17491,8080,0,1,13.36,Normal,0
12.217,ICMP,7596,23907,42,36910,11836,4,77,102.76,Suspicious Traffic,1
2.916,UDP,1580,1633,18,58755,80,0,3,10.47,Normal,0
0.161,TCP,1420,5353,1,34856,443,0,3,9.11,Normal,0
1.967,TCP,368,4035,36,14981,8080,0,9,6.33,Normal,0
0.827,TCP,1703,5586,23,42832,8080,0,1,14.24,Normal,0
3.768,TCP,4334,5563,88,48644,8080,1,49,100.29,Bot Activity,1
4.07,TCP,1120,2996,25,4949,443,0,7,9.89,Normal,0
0.456,TCP,1072,2727,22,10707,443,0,3,6.27,Normal,0
0.755,TCP,1674,2829,27,45937,53,0,4,10.42,Normal,0
0.154,TCP,599,258,9,27911,3389,13,41,32.05,Brute Force,1
0.189,TCP,394,307,16,57398,22,33,38,55.27,Brute Force,1
2.713,TCP,1159,4974,16,42570,443,0,7,8.12,Normal,0
1.098,TCP,1477,3021,17,18518,53,0,7,6.71,Normal,0
0.776,UDP,684,5196,32,17831,443,0,3,3.93,Normal,0
2.829,TCP,1572,4363,32,8467,443,0,2,3.23,Normal,0
5.213,TCP,1524,5352,29,17119,53,0,2,13.88,Normal,0
0.615,TCP,1011,4072,17,37713,8080,0,5,4.13,Normal,0
1.706,TCP,1146,4591,19,60378,80,0,4,11.45,Normal,0
7.101,TCP,1787,4078,32,18897,443,1,9,14.09,Normal,0
4.233,TCP,1000,5554,34,52776,53,0,1,3.98,Normal,0
1.011,TCP,1330,5589,26,12558,80,0,8,1.96,Normal,0
2.121,TCP,1127,2242,14,32865,80,0,9,12.24,Normal,0
0.37,TCP,118,23,2,40286,53,3,134,63.92,Port Scan,1
12.1,ICMP,11519,20940,13,57855,4167,5,65,73.33,Suspicious Traffic,1
1.466,TCP,1967,4263,21,60045,8080,0,6,5.61,Normal,0
8.279,TCP,1815,2712,30,45043,80,0,4,13.52,Normal,0
2.688,TCP,1635,6044,12,56062,443,0,3,13.81,Normal,0
2.751,TCP,1700,3992,39,38444,80,0,1,3.94,Normal,0
6.665,TCP,1135,3788,11,55353,53,0,10,1.36,Normal,0
1.559,UDP,835,3434,16,6939,443,0,1,9.39,Normal,0
1.127,TCP,1311,4386,31,51696,53,0,3,10.91,Normal,0
12.568,UDP,852,7010,8,39319,8080,0,6,1.5,Normal,0
0.09,TCP,1194,47,260,49781,80,0,537,1556.89,DoS,1
1.021,TCP,347,268,15,62333,445,5,38,68.62,Brute Force,1
0.641,TCP,1468,3999,29,15312,443,0,1,9.0,Normal,0
1.549,TCP,911,3991,11,15056,53,0,6,10.54,Normal,0
0.013,TCP,702,40,400,17691,53,0,534,529.98,DoS,1
2.209,TCP,1029,3204,17,4690,8080,0,3,12.19,Normal,0
3.54,TCP,1051,4718,25,46875,80,0,5,2.96,Normal,0
2.682,UDP,896,210,18,28797,8080,0,1,5.0,Normal,0
0.152,TCP,1663,6228,32,64156,53,0,3,4.73,Normal,0
3.386,UDP,1397,2837,21,62430,443,0,4,9.21,Normal,0
1.232,TCP,491,4194,22,47927,53,0,7,4.86,Normal,0
1.101,TCP,1732,2517,43,2406,80,0,2,9.46,Normal,0
4.289,UDP,1240,7859,11,44424,80,0,9,12.44,Normal,0
0.958,ICMP,556,6977,28,52719,443,0,9,4.2,Normal,0
1.31,TCP,1064,2620,39,26236,53,0,7,1.74,Normal,0
0.038,TCP,42,12,2,59594,443,0,43,79.49,Port Scan,1
9.165,TCP,1802,3824,86,36080,80,0,19,42.31,Bot Activity,1
11.275,TCP,9574,580,62,57231,28994,5,93,77.01,Suspicious Traffic,1
0.316,TCP,693,169,7,26483,22,16,43,35.44,Brute Force,1
4.024,TCP,1469,5937,25,60648,8080,0,1,7.22,Normal,0
2.055,ICMP,1115,3947,45,61182,53,0,2,8.01,Normal,0
0.094,TCP,1288,30,507,62387,80,0,827,732.85,DoS,1
0.067,UDP,1492,33,183,20516,80,0,333,1309.05,DoS,1
4.323,TCP,1161,2553,17,57347,443,0,1,8.5,Normal,0
2.998,TCP,1429,5295,8,42401,53,0,3,3.19,Normal,0
1.093,TCP,689,5811,23,51274,8080,0,3,12.98,Normal,0
8.466,TCP,861,3572,28,18984,80,0,10,9.46,Normal,0
0.898,TCP,321,340,12,62661,445,10,22,31.97,Brute Force,1
0.024,ICMP,1039,28,928,31898,53,0,835,1572.41,DoS,1
5.168,UDP,1469,5701,31,28088,53,0,3,1.03,Normal,0
0.219,TCP,981,4557,19,58484,80,0,3,10.17,Normal,0
1.633,UDP,373,3614,33,46800,53,0,1,11.96,Normal,0
0.151,TCP,654,316,8,24084,445,21,25,83.91,Brute Force,1
3.128,UDP,631,7483,70,40485,47791,2,138,65.81,Suspicious Traffic,1
7.991,UDP,761,2694,32,54333,53,0,5,1.14,Normal,0
4.839,TCP,1585,6158,22,2817,80,0,1,8.93,Normal,0
0.413,TCP,100,2,3,44529,22,1,99,228.51,Port Scan,1
0.294,UDP,108,8,1,36556,53,2,93,281.47,Port Scan,1
0.087,TCP,1280,32,657,21585,53,0,391,2266.68,DoS,1
1.154,TCP,893,3415,37,6414,80,0,3,4.15,Normal,0
0.865,TCP,639,242,14,34865,21,6,36,88.1,Brute Force,1
3.192,TCP,1321,6879,24,56531,8080,0,1,10.76,Normal,0
2.637,TCP,1484,3318,14,21957,8080,0,2,7.6,Normal,0
0.465,TCP,51,31,1,38541,22,1,153,130.55,Port Scan,1
0.054,ICMP,177,32,789,46078,53,0,680,557.99,DoS,1
4.825,TCP,17289,2549,84,55208,21469,9,123,43.31,Suspicious Traffic,1
1.734,TCP,1294,5467,36,53422,53,0,3,6.92,Normal,0
15.407,UDP,2073,6966,29,28189,53,0,3,2.22,Normal,0
9.999,TCP,4602,6433,59,58460,443,0,47,68.73,Bot Activity,1
0.968,TCP,1600,3658,7,62940,443,1,2,7.06,Normal,0
5.632,TCP,1075,3625,25,2530,443,0,5,5.08,Normal,0
0.848,TCP,1004,5711,24,64865,8080,0,8,3.56,Normal,0
0.515,TCP,653,351,17,46982,21,11,55,63.08,Brute Force,1
8.437,UDP,1462,15052,29,4287,26283,6,116,27.78,Suspicious Traffic,1
0.033,TCP,322,53,464,41526,443,0,239,2915.62,DoS,1
6.979,TCP,1395,5975,22,40372,53,0,7,12.4,Normal,0
0.04,TCP,114,37,1,35574,443,1,131,193.7,Port Scan,1
2.604,UDP,1829,2487,19,1950,8080,0,5,11.13,Normal,0
0.191,TCP,72,73,1,57107,445,3,100,74.73,Port Scan,1
2.946,TCP,1287,5931,20,8791,443,0,5,11.92,Normal,0
0.096,UDP,1294,39,512,13512,443,0,770,1060.45,DoS,1
3.687,ICMP,961,8469,8,19896,8080,0,13,7.19,Normal,0
5.318,TCP,1783,6593,53,29291,80,1,41,95.62,Bot Activity,1
0.186,TCP,788,5579,28,40352,443,0,4,4.01,Normal,0
0.083,UDP,1378,32,713,19569,53,0,695,1272.37,DoS,1
1.145,TCP,1065,5155,36,45405,443,0,3,11.91,Normal,0
0.837,TCP,1226,1986,30,27798,443,1,1,5.26,Normal,0
0.015,ICMP,1374,56,255,64996,443,0,463,2510.24,DoS,1
0.876,TCP,524,193,17,16457,445,34,47,72.25,Brute Force,1
7.584,UDP,1432,2492,27,60487,443,0,7,14.68,Normal,0
1.547,ICMP,1764,3436,23,45869,8080,0,6,1.3,Normal,0
5.665,UDP,1413,5287,21,31753,443,0,2,11.92,Normal,0
7.942,TCP,1244,7550,23,64883,8080,0,6,4.22,Normal,0
4.889,TCP,1453,1370,32,47774,8080,0,1,10.96,Normal,0
1.119,TCP,506,322,6,49266,3389,32,63,95.47,Brute Force,1
2.681,UDP,1092,5232,21,5812,80,0,3,9.09,Normal,0
0.059,ICMP,1169,38,119,4440,443,0,466,643.65,DoS,1
0.261,TCP,1371,631,32,62043,443,0,2,9.27,Normal,0
0.369,TCP,98,74,1,49869,80,0,55,198.15,Port Scan,1
1.814,TCP,1690,6801,22,1376,53,0,1,13.52,Normal,0
0.35,TCP,739,120,10,25990,3389,19,48,46.32,Brute Force,1
6.597,TCP,419,3256,30,65088,8080,0,2,6.69,Normal,0
0.88,TCP,396,268,14,9691,22,7,74,58.24,Brute Force,1
0.082,ICMP,1424,45,884,39067,80,0,798,2258.49,DoS,1
0.363,TCP,70,33,1,46506,445,0,113,274.99,Port Scan,1
0.038,TCP,104,74,3,58766,445,1,95,191.32,Port Scan,1
0.381,UDP,779,5922,14,9670,80,0,1,2.05,Normal,0
0.097,TCP,104,67,2,34646,53,1,132,219.2,Port Scan,1
0.067,UDP,67,26,2,31447,22,2,55,269.53,Port Scan,1
0.196,TCP,592,4641,24,33741,53,0,1,2.79,Normal,0
0.033,TCP,751,2,327,61726,443,0,254,818.43,DoS,1
5.248,UDP,2103,3837,16,19566,53,0,9,6.18,Normal,0
0.195,TCP,86,41,2,38642,1433,4,158,216.41,Port Scan,1
1.738,TCP,706,4428,22,21538,8080,0,8,6.46,Normal,0
0.382,TCP,45,61,3,46098,22,1,66,75.66,Port Scan,1
0.678,TCP,880,2891,9,37441,8080,0,2,11.14,Normal,0
0.149,TCP,792,6110,27,10765,80,0,6,5.06,Normal,0
2.851,TCP,1218,2031,22,3375,8080,0,6,6.63,Normal,0
2.349,UDP,1834,3935,35,47290,8080,0,1,4.62,Normal,0
1.014,TCP,698,164,14,59691,445,22,33,61.62,Brute Force,1
0.974,TCP,1738,4632,20,3698,8080,0,6,9.39,Normal,0
0.041,ICMP,1360,13,333,47491,53,0,344,990.14,DoS,1
0.093,TCP,916,36,451,32823,443,0,705,2868.42,DoS,1
0.421,TCP,632,2713,26,33333,80,0,1,11.61,Normal,0
1.103,UDP,1026,5350,34,57836,443,0,3,2.11,Normal,0
1.587,TCP,1081,2609,31,7157,443,0,6,14.71,Normal,0
0.711,UDP,406,5200,18,12864,443,0,2,7.01,Normal,0
8.426,TCP,1830,3741,14,54933,53,0,6,5.75,Normal,0
2.639,TCP,159,2646,1,44484,443,0,4,8.58,Normal,0
0.064,UDP,921,41,620,64701,80,0,221,2999.0,DoS,1
1.357,TCP,1224,4372,38,35497,443,0,4,4.82,Normal,0
0.823,TCP,1119,6491,27,6060,443,0,4,2.63,Normal,0
1.413,TCP,1308,5922,25,45386,80,0,9,9.39,Normal,0
0.455,UDP,47,26,3,52325,443,3,59,286.51,Port Scan,1
0.642,UDP,1320,3724,17,26857,53,0,5,5.74,Normal,0
2.419,TCP,690,3311,19,63364,80,0,3,14.99,Normal,0
1.4,UDP,670,6646,27,11102,80,0,6,4.19,Normal,0
6.49,TCP,943,4959,30,55465,8080,0,1,4.86,Normal,0
4.648,TCP,3100,6209,61,63625,443,1,18,85.7,Bot Activity,1
0.069,TCP,247,52,947,39966,53,0,510,2321.61,DoS,1
1.844,UDP,1224,3230,18,1405,53,0,1,10.02,Normal,0
2.352,TCP,851,5117,33,44027,8080,0,8,14.6,Normal,0
0.029,TCP,1005,38,124,48967,53,0,298,1961.75,DoS,1
0.091,TCP,616,2,522,60458,53,0,802,2474.93,DoS,1
0.352,TCP,1653,3258,29,9500,443,0,5,6.43,Normal,0
1.675,UDP,1446,5251,28,53555,53,0,3,7.06,Normal,0
0.255,TCP,1577,4008,15,4664,80,0,6,6.92,Normal,0
5.253,TCP,1427,5431,25,40496,8080,0,1,10.81,Normal,0
5.637,UDP,1650,3373,41,17747,443,0,4,3.18,Normal,0
0.363,UDP,1618,2856,31,51545,8080,0,2,11.2,Normal,0
0.723,TCP,1514,4274,30,56884,443,0,4,7.43,Normal,0
7.636,TCP,4402,2629,65,52109,443,0,28,88.0,Bot Activity,1
0.029,TCP,82,45,1,54659,22,1,48,240.07,Port Scan,1
4.578,TCP,683,3879,28,8928,53,0,7,1.36,Normal,0
0.961,TCP,1784,6242,27,29360,53,0,1,7.99,Normal,0
8.182,UDP,1074,3716,28,40576,443,0,6,4.86,Normal,0
0.339,UDP,77,16,3,42040,1433,1,152,235.36,Port Scan,1
0.023,ICMP,284,38,691,14123,443,0,535,1687.59,DoS,1
0.065,TCP,248,0,212,30217,443,0,964,2410.22,DoS,1
1.321,TCP,3880,2265,76,32248,443,1,19,83.28,Bot Activity,1
2.794,TCP,919,1057,28,37925,8080,0,8,1.52,Normal,0
0.006,TCP,210,4,123,28716,443,0,244,1606.1,DoS,1
0.438,TCP,508,3384,19,41255,443,0,1,10.36,Normal,0
7.022,TCP,608,4287,19,28944,80,1,6,7.88,Normal,0
2.785,UDP,1513,3602,1,23421,8080,0,8,10.95,Normal,0
8.927,TCP,2131,1723,29,43466,443,0,8,10.06,Normal,0
9.467,UDP,477,19591,194,35580,41259,3,75,188.3,Suspicious Traffic,1
3.881,TCP,1141,3214,4,43441,80,0,6,4.39,Normal,0
0.195,TCP,90,62,3,59727,445,1,111,267.7,Port Scan,1
0.035,TCP,304,23,607,20711,80,0,725,1328.43,DoS,1
0.469,TCP,92,12,2,52423,53,2,107,199.66,Port Scan,1
3.274,TCP,793,4755,36,56176,443,0,1,3.2,Normal,0
3.135,TCP,1263,3237,20,20389,80,0,3,7.43,Normal,0
12.747,TCP,1429,5235,24,61141,80,0,5,13.24,Normal,0
2.556,TCP,3178,2360,67,34491,443,1,24,102.82,Bot Activity,1
4.203,TCP,955,4841,33,28092,80,0,2,4.93,Normal,0
6.27,TCP,1813,2461,19,48231,53,0,9,3.27,Normal,0
3.795,UDP,946,3712,20,39400,80,0,4,7.73,Normal,0
1.45,TCP,966,2724,31,2091,80,0,8,5.57,Normal,0
0.385,TCP,87,19,1,55761,22,3,133,255.26,Port Scan,1
0.652,TCP,1882,6233,41,56265,8080,1,8,9.84,Normal,0
0.769,TCP,731,5615,33,28304,53,0,12,4.65,Normal,0
6.109,TCP,1054,4652,18,48479,8080,0,8,4.19,Normal,0
0.093,TCP,59,34,1,56471,53,1,102,265.72,Port Scan,1
0.083,UDP,882,41,601,23394,80,0,828,1877.5,DoS,1
4.246,UDP,1011,5233,15,14857,443,0,1,8.11,Normal,0
1.317,TCP,1561,2956,19,65393,53,0,5,2.19,Normal,0
0.37,UDP,105,37,3,47510,80,0,79,83.63,Port Scan,1
0.352,TCP,377,286,6,1408,445,19,31,46.1,Brute Force,1
0.094,TCP,493,46,789,8671,80,0,852,577.71,DoS,1
1.205,TCP,1259,6584,20,12279,8080,0,6,9.78,Normal,0
1.14,TCP,1569,4816,16,27573,8080,0,7,8.32,Normal,0
0.305,TCP,70,75,2,50209,3389,3,145,53.62,Port Scan,1
2.278,UDP,635,5310,35,46288,8080,0,1,9.36,Normal,0
5.762,TCP,2742,5149,77,6768,80,1,29,63.78,Bot Activity,1
0.173,TCP,437,145,17,9879,22,9,38,58.95,Brute Force,1
6.625,TCP,1838,3683,15,13529,80,0,1,1.38,Normal,0
12.295,UDP,13403,24622,27,46640,63605,9,64,170.72,Suspicious Traffic,1
1.778,TCP,922,3017,26,13360,80,0,1,10.39,Normal,0
0.38,TCP,42,31,3,51290,21,2,103,68.56,Port Scan,1
0.041,TCP,54,33,2,50514,1433,1,154,142.32,Port Scan,1
1.004,TCP,1119,8132,29,13536,80,0,10,12.25,Normal,0
1.788,TCP,984,2523,21,31396,443,0,5,7.12,Normal,0
8.657,UDP,1223,1778,20,2454,80,0,5,4.61,Normal,0
8.415,TCP,4236,7187,74,11014,8080,0,38,72.76,Bot Activity,1
4.59,TCP,1159,4205,28,47070,8080,0,4,10.06,Normal,0
1.866,TCP,1334,6868,23,31924,80,0,7,13.03,Normal,0
0.091,UDP,647,10,400,39378,80,0,813,1082.21,DoS,1
2.183,TCP,1275,5261,28,14219,53,0,9,12.67,Normal,0
0.689,UDP,1630,6322,2,55671,8080,0,3,8.78,Normal,0
1.616,TCP,2068,5426,26,1541,80,0,6,13.37,Normal,0
2.565,TCP,1290,2929,37,47758,8080,0,3,8.6,Normal,0
0.097,TCP,630,42,374,56639,443,0,413,2534.35,DoS,1
11.72,UDP,3331,29099,54,49330,37924,6,38,226.9,Suspicious Traffic,1
0.849,TCP,774,185,6,40073,3389,5,20,56.61,Brute Force,1
1.508,TCP,923,6138,26,3450,8080,0,1,1.27,Normal,0
3.572,UDP,650,5169,29,34668,8080,0,1,6.69,Normal,0
3.971,TCP,1026,4236,14,5003,80,0,7,4.26,Normal,0
5.281,TCP,1381,3653,20,21724,80,0,1,8.95,Normal,0
0.279,UDP,1315,4481,13,43512,8080,0,4,11.18,Normal,0
1.038,TCP,450,253,16,8688,445,18,79,24.9,Brute Force,1
0.165,TCP,812,2081,23,41834,53,0,6,7.95,Normal,0
0.1,UDP,1312,3015,39,29613,80,0,3,1.45,Normal,0
0.049,TCP,58,12,3,45376,3389,0,46,196.91,Port Scan,1
1.401,TCP,1439,6691,14,29737,443,0,3,9.31,Normal,0
0.444,TCP,312,164,14,39537,3389,17,53,57.01,Brute Force,1
1.065,TCP,1274,4892,31,61431,8080,0,4,14.8,Normal,0
5.1,TCP,1061,1650,24,20252,8080,0,2,4.47,Normal,0
4.414,ICMP,411,3900,25,55621,53,0,7,11.22,Normal,0
0.666,TCP,1004,7532,32,53437,443,0,3,4.85,Normal,0
0.198,TCP,77,16,2,54551,443,0,117,132.11,Port Scan,1
9.84,TCP,4137,7903,36,44741,443,3,19,70.31,Bot Activity,1
7.789,TCP,1833,6326,18,9485,443,0,2,6.12,Normal,0
1.012,TCP,1138,4047,17,40723,8080,0,1,6.94,Normal,0
7.699,TCP,1844,5001,30,28286,8080,0,9,13.05,Normal,0
5.294,TCP,1283,4137,40,14750,80,0,1,11.32,Normal,0
1.859,UDP,1335,5276,28,24538,53,0,5,11.31,Normal,0
0.422,TCP,1253,5014,28,11419,443,0,7,6.86,Normal,0
7.9,TCP,862,4850,16,59644,80,0,3,8.75,Normal,0
0.064,UDP,1369,47,879,23158,443,0,533,2663.39,DoS,1
0.464,TCP,941,2458,30,8494,443,0,7,14.38,Normal,0
3.543,TCP,1668,6031,26,15711,8080,0,8,10.09,Normal,0
3.437,UDP,823,4844,22,23328,53,0,1,10.48,Normal,0
4.686,TCP,1657,5319,18,51493,53,0,7,14.97,Normal,0
0.761,TCP,791,194,7,56953,22,10,74,43.66,Brute Force,1
0.648,TCP,1578,3710,14,47319,80,0,6,12.04,Normal,0
1.897,TCP,1038,5715,22,29718,8080,0,3,11.01,Normal,0
0.102,TCP,48,52,3,33469,443,0,174,294.55,Port Scan,1
2.251,TCP,936,6954,31,55001,80,0,2,12.35,Normal,0
0.205,TCP,1692,5292,47,11972,80,0,8,12.2,Normal,0
2.461,TCP,1074,5179,18,60727,53,0,3,12.47,Normal,0
1.169,ICMP,1283,811,25,20169,8080,0,2,12.47,Normal,0
1.187,TCP,535,3918,8,33687,80,0,1,13.44,Normal,0
2.688,TCP,1244,5310,14,24862,53,0,10,5.79,Normal,0
2.416,ICMP,1538,4035,12,9084,443,0,1,7.48,Normal,0
0.363,TCP,78,41,1,55199,80,0,95,189.68,Port Scan,1
3.194,UDP,1501,3391,27,17102,8080,0,3,8.38,Normal,0
3.033,TCP,1421,2524,21,34122,443,0,8,4.62,Normal,0
2.534,TCP,1226,6087,43,25432,8080,0,3,4.08,Normal,0
5.119,TCP,11400,2018,35,44606,16086,6,37,233.98,Suspicious Traffic,1
3.046,UDP,1332,4786,19,10960,8080,0,2,9.91,Normal,0
0.272,UDP,45,67,3,44051,8080,1,43,109.32,Port Scan,1
0.457,TCP,47,44,3,59427,445,0,131,228.81,Port Scan,1
0.046,UDP,497,13,268,63404,53,0,487,589.7,DoS,1
2.74,TCP,1121,3910,6,53100,53,0,7,6.85,Normal,0
0.015,TCP,62,11,1,55236,80,1,124,233.46,Port Scan,1
0.789,UDP,1063,5956,38,48055,80,0,3,5.13,Normal,0
0.844,TCP,1187,3510,25,21656,8080,0,10,2.01,Normal,0
3.185,TCP,1133,3655,8,11794,8080,0,6,10.87,Normal,0
0.454,TCP,1011,4725,16,50779,80,0,2,3.82,Normal,0
0.415,TCP,97,51,3,59573,80,0,66,153.6,Port Scan,1
1.453,TCP,1212,2713,23,65101,53,0,7,1.61,Normal,0
0.153,TCP,59,25,3,52963,1433,2,89,81.08,Port Scan,1
6.743,TCP,1594,5974,56,58273,443,2,51,49.56,Bot Activity,1
0.248,TCP,54,55,2,40279,3389,0,143,208.75,Port Scan,1
1.173,TCP,1229,2969,11,1542,53,0,10,5.04,Normal,0
0.175,TCP,440,111,6,41028,21,7,52,46.72,Brute Force,1
0.927,TCP,1265,6714,21,46919,8080,0,9,1.58,Normal,0
0.228,TCP,109,59,2,47839,445,1,71,154.97,Port Scan,1
0.112,TCP,328,2472,37,46734,53,0,6,7.95,Normal,0
0.485,TCP,67,40,2,43254,21,1,148,84.56,Port Scan,1
0.059,UDP,1349,35,713,58760,443,0,758,1651.2,DoS,1
0.615,TCP,921,4423,20,6548,80,0,4,9.59,Normal,0
4.097,TCP,1040,3562,24,26583,443,0,4,8.13,Normal,0
5.7,TCP,4233,3608,39,36466,443,2,26,109.06,Bot Activity,1
4.869,UDP,1623,5003,15,15032,80,0,3,3.2,Normal,0
1.578,UDP,1271,5001,27,21488,53,0,5,8.4,Normal,0
2.574,TCP,1242,2416,1,11512,80,1,5,3.21,Normal,0
1.0,TCP,966,4907,26,53230,53,0,7,10.2,Normal,0
0.767,TCP,335,228,9,51760,3389,6,61,65.93,Brute Force,1
0.552,UDP,1385,6347,20,48637,8080,0,4,5.58,Normal,0
1.763,UDP,1219,3019,23,8262,80,0,8,15.0,Normal,0
0.557,TCP,1449,2617,15,18048,53,0,1,1.97,Normal,0
0.343,TCP,1602,5751,23,50606,80,0,3,5.03,Normal,0
1.225,TCP,1544,4952,41,38540,80,0,4,3.04,Normal,0
0.016,TCP,216,19,597,65443,80,0,990,2483.42,DoS,1
2.244,TCP,1423,5642,43,53806,443,0,7,11.44,Normal,0
0.659,TCP,1086,6150,6,19672,443,0,1,14.02,Normal,0
1.691,TCP,1661,4602,34,35081,443,0,3,13.76,Normal,0
3.631,TCP,1347,2721,16,34871,443,0,9,1.55,Normal,0
0.073,TCP,777,1,405,24701,443,0,618,1793.06,DoS,1
3.849,TCP,557,5347,11,7446,443,0,3,9.86,Normal,0
0.141,TCP,664,4316,7,55317,8080,0,9,10.16,Normal,0
5.759,TCP,4255,6518,85,5100,443,0,52,111.97,Bot Activity,1
1.042,ICMP,639,6747,18,59254,443,0,7,3.47,Normal,0
2.188,UDP,1734,4226,32,30264,80,0,1,3.92,Normal,0
4.972,TCP,958,5795,16,35513,8080,0,7,10.16,Normal,0
0.179,TCP,77,32,3,42936,53,0,69,141.4,Port Scan,1
0.352,TCP,113,70,1,50855,8080,1,186,134.29,Port Scan,1
5.843,TCP,1566,4433,18,29866,8080,0,7,5.55,Normal,0
6.197,ICMP,1164,6819,40,28348,443,0,1,9.49,Normal,0
7.323,TCP,924,6929,34,9356,8080,0,8,1.14,Normal,0
0.624,TCP,835,5698,8,9504,80,0,4,9.12,Normal,0
0.172,TCP,88,65,1,31068,22,1,59,186.41,Port Scan,1
4.406,TCP,1219,3099,40,62895,53,0,6,4.63,Normal,0
0.095,TCP,1156,33,162,8808,53,0,460,718.72,DoS,1
3.821,TCP,5694,19600,46,56882,26780,1,89,230.42,Suspicious Traffic,1
1.431,TCP,1943,3704,26,8255,80,0,7,1.28,Normal,0
7.637,ICMP,14692,3091,126,20003,2640,6,14,213.45,Suspicious Traffic,1
2.957,UDP,395,6405,27,35285,443,0,4,10.55,Normal,0
0.219,TCP,107,57,1,42270,53,1,41,251.91,Port Scan,1
1.883,TCP,1078,1325,29,20291,8080,1,1,4.31,Normal,0
0.229,TCP,461,1898,30,10388,443,0,3,2.81,Normal,0
0.059,TCP,1446,19,504,28665,80,0,427,2321.05,DoS,1
0.455,TCP,831,5683,24,62420,53,0,1,12.24,Normal,0
0.909,UDP,1337,2944,23,15153,443,0,3,2.99,Normal,0
9.873,TCP,2322,6018,80,33058,80,0,23,35.95,Bot Activity,1
5.842,UDP,1088,3972,38,9041,53,0,3,9.57,Normal,0
2.341,TCP,1297,4483,25,3953,8080,0,2,5.14,Normal,0
2.232,TCP,1068,6077,22,21321,8080,0,5,12.05,Normal,0
4.34,TCP,1183,4474,10,52231,8080,0,5,8.27,Normal,0
1.505,TCP,1141,3546,14,48213,443,0,2,9.46,Normal,0
2.59,TCP,832,3482,4,34105,8080,0,11,5.62,Normal,0
0.203,TCP,787,134,15,44751,445,29,42,61.46,Brute Force,1
2.235,UDP,1003,5536,24,10788,53,0,6,2.98,Normal,0
14.321,UDP,1428,2033,23,41969,8080,0,1,8.32,Normal,0
1.755,UDP,1713,4500,26,60023,8080,0,2,12.06,Normal,0
0.318,TCP,500,287,9,4027,445,33,50,29.11,Brute Force,1
1.579,TCP,1152,1183,17,49253,53,0,5,12.52,Normal,0
2.371,TCP,1565,5934,9,57776,443,0,5,4.55,Normal,0
0.492,TCP,1568,5269,13,38511,53,0,2,12.66,Normal,0
0.042,TCP,1061,50,116,9137,53,0,676,1970.92,DoS,1
3.563,TCP,1278,7537,31,37682,80,0,1,11.32,Normal,0
6.012,UDP,9275,19255,110,41572,35510,8,92,222.77,Suspicious Traffic,1
2.864,TCP,1624,1503,27,38829,80,0,1,12.18,Normal,0
0.494,TCP,356,339,9,35218,21,7,75,71.34,Brute Force,1
0.865,UDP,1265,5211,10,50213,8080,0,5,12.67,Normal,0
0.813,TCP,1865,6346,1,2248,80,0,8,1.87,Normal,0
0.948,TCP,928,2809,11,35880,443,0,1,14.7,Normal,0
6.171,TCP,4933,7947,51,19044,80,1,58,86.73,Bot Activity,1
3.023,TCP,733,3468,21,17100,8080,0,7,2.21,Normal,0
2.13,ICMP,1954,1744,14,35991,53,0,1,6.94,Normal,0
6.273,TCP,1475,3612,21,3973,8080,0,1,5.16,Normal,0
0.96,TCP,1017,6130,20,2549,53,0,1,10.02,Normal,0
0.459,TCP,593,216,14,28218,22,33,61,72.31,Brute Force,1
1.188,UDP,792,5901,12,57362,53,0,5,5.6,Normal,0
3.746,ICMP,12834,28471,79,6990,7514,4,58,152.53,Suspicious Traffic,1
2.263,TCP,946,1781,42,65236,80,0,7,4.54,Normal,0
0.462,TCP,100,6,2,35985,53,1,118,159.91,Port Scan,1
0.775,TCP,781,3773,28,51376,80,0,6,7.19,Normal,0
0.024,UDP,269,53,217,63426,443,0,225,1183.61,DoS,1
0.014,TCP,518,51,479,45498,80,0,689,1510.96,DoS,1
0.261,TCP,1375,5725,44,4885,53,0,3,11.86,Normal,0
0.255,TCP,1021,3434,8,47771,80,0,9,4.7,Normal,0
2.004,UDP,1115,5294,20,7496,53,0,1,7.13,Normal,0
5.046,ICMP,840,5262,37,59549,53,0,3,7.86,Normal,0
0.389,TCP,859,4178,22,62732,80,0,2,8.04,Normal,0
2.985,TCP,1298,3399,20,16728,443,0,4,14.27,Normal,0
1.724,UDP,1382,5139,25,50333,8080,0,4,1.88,Normal,0
2.866,TCP,1286,4909,22,18673,80,0,6,1.3,Normal,0
0.345,TCP,533,345,8,37274,445,25,49,34.12,Brute Force,1
0.4,TCP,710,283,10,5314,445,20,58,38.58,Brute Force,1
26.481,TCP,859,4921,35,2919,8080,0,4,12.68,Normal,0
5.944,TCP,711,5654,18,60907,80,0,5,14.21,Normal,0
0.321,TCP,618,327,8,64167,22,30,71,96.94,Brute Force,1
3.69,TCP,1218,3758,18,17167,443,0,7,13.56,Normal,0
0.299,TCP,1084,6260,26,27681,8080,0,9,7.73,Normal,0
0.566,TCP,701,130,13,42692,21,17,47,80.87,Brute Force,1
0.264,TCP,89,75,3,34665,3389,2,172,208.15,Port Scan,1
0.824,TCP,449,156,6,36443,21,18,45,87.21,Brute Force,1
3.719,TCP,1690,7790,40,52275,443,0,7,13.85,Normal,0
0.342,TCP,712,136,13,28796,445,29,51,49.39,Brute Force,1
1.745,TCP,1650,3777,30,3763,80,0,2,10.12,Normal,0
0.157,TCP,767,6338,37,64012,53,0,8,12.29,Normal,0
2.252,TCP,990,3037,27,11994,80,0,1,4.63,Normal,0
0.19,TCP,78,45,3,38955,53,0,128,157.79,Port Scan,1
0.683,UDP,1412,7283,14,56041,8080,0,5,7.44,Normal,0
0.476,TCP,69,62,3,36971,1433,0,129,95.88,Port Scan,1
0.309,TCP,117,74,1,35289,1433,0,163,221.41,Port Scan,1
0.393,TCP,724,232,9,37927,22,19,66,21.15,Brute Force,1
0.699,TCP,1596,2658,20,20727,80,0,6,8.88,Normal,0
1.862,TCP,1186,4566,27,9084,443,0,2,6.52,Normal,0
0.411,TCP,661,3839,11,19339,8080,0,7,7.92,Normal,0
1.611,UDP,1273,4306,18,34108,53,0,8,3.53,Normal,0
1.111,TCP,1085,3721,21,62983,53,0,3,12.73,Normal,0
0.745,UDP,1452,5622,28,65226,8080,0,8,8.02,Normal,0
0.733,TCP,1288,5872,22,44427,53,0,6,10.73,Normal,0
2.875,TCP,1000,3914,1,31158,53,1,1,6.04,Normal,0
0.92,TCP,752,218,12,46365,21,6,54,97.89,Brute Force,1
1.642,TCP,1105,5650,20,43390,80,0,1,5.82,Normal,0
0.115,UDP,92,74,1,30313,22,1,59,78.91,Port Scan,1
0.709,TCP,1009,5011,19,28102,8080,0,9,1.02,Normal,0
0.441,TCP,66,57,1,55798,443,1,133,199.39,Port Scan,1
0.306,UDP,2165,6114,33,36325,80,0,5,1.84,Normal,0
0.025,TCP,1007,62,151,54506,53,0,540,1824.46,DoS,1
10.268,TCP,1088,6208,32,30200,80,0,1,7.09,Normal,0
0.14,TCP,75,71,3,57114,3389,0,181,197.25,Port Scan,1
0.154,TCP,75,64,1,57497,80,0,100,67.3,Port Scan,1
0.082,UDP,62,70,2,42139,21,0,127,104.57,Port Scan,1
2.414,UDP,1321,5136,30,30160,80,0,6,10.43,Normal,0
0.601,TCP,1265,5126,18,2321,53,0,8,7.45,Normal,0
5.596,UDP,996,3003,32,47502,53,0,3,3.73,Normal,0
2.218,TCP,1834,3593,29,54520,53,0,3,4.02,Normal,0
0.258,TCP,51,1,3,46181,3389,0,152,213.17,Port Scan,1
0.613,TCP,1693,7862,28,3436,53,0,7,12.47,Normal,0
2.879,TCP,1541,3063,19,47165,443,1,8,12.06,Normal,0
4.974,TCP,1207,4456,34,65529,8080,0,11,9.6,Normal,0
6.9,TCP,3766,6556,81,19201,8080,0,42,84.64,Bot Activity,1
1.937,TCP,1281,3027,30,33814,8080,0,1,4.29,Normal,0
5.15,TCP,903,1464,22,13723,443,0,2,1.1,Normal,0
4.809,TCP,1049,4629,21,9429,80,0,8,14.65,Normal,0
7.336,TCP,1504,1583,32,62207,443,0,6,11.65,Normal,0
4.411,ICMP,1594,4215,4,48794,53,0,4,6.51,Normal,0
3.465,TCP,1162,4888,38,45457,80,0,5,6.22,Normal,0
2.988,UDP,1571,828,45,46440,53,0,2,1.12,Normal,0
0.245,UDP,1637,1650,17,58899,8080,1,3,5.15,Normal,0
1.587,UDP,2051,6083,4,29016,80,0,3,3.01,Normal,0
2.836,UDP,2062,3812,29,22193,8080,0,3,13.12,Normal,0
2.084,TCP,1551,4411,33,27690,53,0,8,8.28,Normal,0
0.385,TCP,1593,4146,29,34991,8080,0,6,4.02,Normal,0
1.057,ICMP,1059,5292,28,34923,80,0,1,4.9,Normal,0
1.001,TCP,662,306,12,15740,22,16,50,68.56,Brute Force,1
0.568,TCP,336,205,13,19239,445,33,60,48.59,Brute Force,1
0.661,TCP,462,197,9,35917,445,6,70,21.59,Brute Force,1
7.362,TCP,1157,4809,18,21750,80,0,3,2.19,Normal,0
0.098,ICMP,1287,54,694,22960,80,0,860,1020.86,DoS,1
2.66,UDP,1587,5188,43,58703,80,0,4,14.72,Normal,0
6.641,TCP,1545,4990,9,15811,8080,0,1,8.38,Normal,0
1.816,TCP,1460,4411,27,61121,443,0,6,9.25,Normal,0
1.243,TCP,935,6110,13,22601,53,0,9,7.5,Normal,0
4.147,TCP,802,4092,26,42004,80,1,2,3.65,Normal,0
5.785,TCP,1168,2942,36,29333,80,0,9,3.02,Normal,0
1.397,TCP,963,6098,18,42070,53,0,2,10.89,Normal,0
0.402,TCP,54,28,1,45518,21,1,150,50.09,Port Scan,1
1.517,ICMP,975,4345,35,63861,53,0,1,2.89,Normal,0
0.245,TCP,492,2917,41,54871,53,0,5,2.58,Normal,0
0.129,TCP,521,276,17,16540,22,25,62,23.42,Brute Force,1
0.569,TCP,1885,4533,32,51864,8080,0,3,13.49,Normal,0
2.959,TCP,919,5265,17,42007,8080,0,10,14.0,Normal,0
0.178,TCP,1429,6230,10,6630,80,0,5,1.05,Normal,0
14.106,TCP,602,24022,63,25757,20532,9,128,28.68,Suspicious Traffic,1
0.04,TCP,702,34,638,59357,53,0,768,1812.35,DoS,1
0.176,UDP,114,5,2,34179,80,0,110,114.4,Port Scan,1
1.118,TCP,2869,6692,41,61260,443,2,53,95.18,Bot Activity,1
0.894,TCP,1236,6225,12,4615,53,0,2,8.63,Normal,0
5.083,TCP,1335,5682,25,29326,80,0,2,13.77,Normal,0
0.315,UDP,42,28,2,31710,53,1,82,205.22,Port Scan,1
6.942,TCP,3838,7917,39,56725,443,0,48,72.3,Bot Activity,1
0.738,TCP,411,3393,4,27349,80,0,1,14.16,Normal,0
12.679,TCP,5321,25289,84,27967,15278,5,22,168.72,Suspicious Traffic,1
2.708,TCP,899,5488,37,57686,80,0,10,14.21,Normal,0
0.251,TCP,846,5969,18,31447,8080,0,5,14.44,Normal,0
0.275,TCP,847,4261,29,41606,80,0,5,4.64,Normal,0
0.208,TCP,807,3375,16,62470,80,0,6,13.05,Normal,0
0.358,TCP,114,75,2,36307,443,1,154,184.55,Port Scan,1
3.148,TCP,2585,3896,78,7754,80,0,35,71.34,Bot Activity,1
1.422,TCP,1206,3380,39,40030,80,0,13,5.0,Normal,0
4.476,UDP,11070,17167,127,56126,12689,6,109,72.6,Suspicious Traffic,1
4.679,TCP,1002,3083,19,60293,443,0,6,10.67,Normal,0
0.499,TCP,1081,2929,36,17820,53,0,1,11.95,Normal,0
4.278,TCP,1838,8784,11,48513,8080,0,6,1.14,Normal,0
0.285,UDP,1086,2647,41,10047,80,0,1,11.96,Normal,0
0.165,UDP,1290,3494,18,21450,8080,0,7,7.29,Normal,0
4.173,UDP,976,2451,14,43735,53,0,9,3.27,Normal,0
3.314,TCP,1234,1987,13,59038,443,0,8,10.08,Normal,0
2.212,TCP,1399,6049,24,21254,53,0,4,1.03,Normal,0
0.094,TCP,763,9,953,64612,80,0,397,1754.12,DoS,1
1.112,TCP,178,3326,17,34951,443,0,4,7.78,Normal,0
0.073,UDP,589,45,518,34258,53,0,320,1547.62,DoS,1
0.404,TCP,820,2671,28,57300,80,0,10,13.02,Normal,0
0.873,UDP,1771,4085,1,13831,443,0,2,3.07,Normal,0
0.009,TCP,1031,32,893,14214,80,0,231,2123.52,DoS,1
0.519,UDP,1546,848,24,23408,443,0,6,12.53,Normal,0
0.829,TCP,748,175,15,46558,445,19,41,42.99,Brute Force,1
0.704,TCP,1322,3989,29,40331,53,0,1,2.75,Normal,0
7.091,ICMP,15375,21413,166,38124,63116,8,52,81.77,Suspicious Traffic,1
0.821,UDP,763,4549,34,23022,53,0,2,1.19,Normal,0
5.007,TCP,3323,7930,60,11660,80,2,56,115.01,Bot Activity,1
0.426,TCP,473,209,17,30798,22,31,26,31.29,Brute Force,1
0.031,TCP,620,61,175,33526,80,0,855,1353.89,DoS,1
0.099,TCP,249,9,782,61315,80,0,315,1151.05,DoS,1
1.199,TCP,1908,2434,37,42887,443,0,7,8.29,Normal,0
2.594,UDP,675,2720,28,31599,443,0,1,6.04,Normal,0
1.402,UDP,1250,3377,6,49166,53,0,8,6.89,Normal,0
0.409,TCP,735,368,13,25660,21,20,44,71.12,Brute Force,1
0.088,TCP,1252,17,754,27259,80,0,460,640.82,DoS,1
1.413,UDP,2235,3003,23,55163,80,0,4,12.19,Normal,0
0.492,TCP,1243,5494,30,5857,53,1,8,13.92,Normal,0
0.261,TCP,743,6849,9,8574,443,0,5,3.13,Normal,0
2.321,TCP,1560,2474,19,13765,53,1,7,10.06,Normal,0
3.031,TCP,1349,3242,15,2970,443,0,3,8.01,Normal,0
3.817,TCP,1103,4765,25,12437,443,0,1,7.48,Normal,0
9.047,ICMP,13210,29932,33,48134,11422,1,29,211.33,Suspicious Traffic,1
7.058,UDP,1379,8212,23,23295,443,0,4,8.9,Normal,0
5.273,UDP,1226,3585,16,2433,443,0,3,10.44,Normal,0
0.367,TCP,1167,7637,34,60705,80,1,6,10.6,Normal,0
4.903,UDP,738,3911,19,45422,443,0,6,14.01,Normal,0
6.454,TCP,997,6557,24,52628,80,0,7,10.45,Normal,0
0.439,TCP,93,44,3,44948,21,1,57,68.71,Port Scan,1
1.823,TCP,1157,4933,26,25249,53,0,9,4.08,Normal,0
8.642,TCP,936,4516,35,62704,8080,0,1,12.77,Normal,0
0.237,UDP,112,24,3,34732,22,2,184,103.56,Port Scan,1
0.372,TCP,99,40,1,36281,1433,0,91,263.01,Port Scan,1
0.011,ICMP,326,26,293,25810,53,0,888,2373.51,DoS,1
2.963,TCP,600,2345,29,25552,53,0,3,10.5,Normal,0
0.793,TCP,1348,1308,34,65052,443,0,1,6.76,Normal,0
7.095,TCP,546,2380,17,51034,443,0,2,5.23,Normal,0
0.077,UDP,720,32,340,20304,80,0,259,1327.6,DoS,1
0.248,TCP,894,2456,15,22499,443,0,4,4.16,Normal,0
0.275,TCP,1279,3870,9,53166,53,0,1,2.77,Normal,0
0.762,ICMP,634,5514,28,56829,8080,0,3,2.84,Normal,0
2.6,TCP,942,6335,16,6360,8080,0,3,7.65,Normal,0
0.475,TCP,753,263,11,41322,22,24,55,75.47,Brute Force,1
0.243,TCP,46,39,2,42717,1433,1,103,291.53,Port Scan,1
2.405,TCP,1334,2846,43,25552,8080,0,1,13.32,Normal,0
1.077,TCP,608,246,11,12755,3389,5,54,42.04,Brute Force,1
1.078,UDP,1321,5232,19,47718,53,0,2,13.87,Normal,0
7.183,TCP,1517,4211,23,32698,8080,0,5,6.59,Normal,0
0.058,UDP,1250,58,205,39113,443,0,316,707.02,DoS,1
5.276,TCP,1725,3929,51,42843,8080,2,48,93.6,Bot Activity,1
6.139,TCP,969,4754,44,43606,80,0,8,1.71,Normal,0
4.867,TCP,1049,2383,20,59672,443,0,7,14.96,Normal,0
1.321,TCP,752,5678,12,16385,8080,0,6,6.43,Normal,0
0.074,TCP,936,40,181,28879,443,0,572,1151.67,DoS,1
3.852,TCP,1052,3599,24,38470,443,0,4,4.6,Normal,0
1.637,ICMP,1373,2416,33,25542,53,0,6,6.7,Normal,0
0.159,UDP,74,71,3,32753,53,1,171,56.47,Port Scan,1
2.807,TCP,1165,5402,43,30156,53,0,2,11.75,Normal,0
0.702,UDP,817,3707,17,3721,8080,0,5,14.6,Normal,0
10.753,TCP,863,4393,4,23069,8080,0,5,5.7,Normal,0
0.545,UDP,1521,4737,29,29369,8080,0,5,1.38,Normal,0
0.41,TCP,44,46,3,38946,8080,1,150,65.15,Port Scan,1
0.147,TCP,368,182,13,2644,21,20,23,66.81,Brute Force,1
2.22,UDP,1610,2518,19,29971,443,0,1,1.28,Normal,0
0.443,UDP,118,66,1,59539,443,1,190,275.53,Port Scan,1
12.998,TCP,13350,27731,184,20326,55221,5,16,219.34,Suspicious Traffic,1
0.162,TCP,54,9,1,47912,443,1,43,149.32,Port Scan,1
0.564,TCP,1430,3002,26,52527,53,0,2,3.05,Normal,0
1.348,TCP,1007,2939,36,7474,80,0,2,2.05,Normal,0
0.082,UDP,508,52,264,3533,53,0,299,612.39,DoS,1
3.772,TCP,4711,3635,84,14152,443,2,56,77.17,Bot Activity,1
0.095,TCP,665,46,370,13912,53,0,803,684.73,DoS,1
0.426,TCP,1479,3754,30,22602,53,0,3,12.12,Normal,0
0.766,TCP,1101,4473,31,54473,53,0,5,3.17,Normal,0
8.261,UDP,1320,4992,31,40610,443,0,4,14.18,Normal,0
1.195,TCP,756,3541,35,50333,53,1,11,7.48,Normal,0
4.085,TCP,1311,3185,18,20651,53,0,4,5.98,Normal,0
0.777,TCP,481,157,13,52348,445,21,78,90.44,Brute Force,1
2.266,UDP,1652,3646,36,63009,8080,0,4,4.57,Normal,0
2.604,TCP,1191,3431,29,50688,80,0,1,7.23,Normal,0
1.427,TCP,675,5970,41,34621,443,0,1,1.32,Normal,0
1.092,TCP,2052,5640,27,15939,443,0,1,14.99,Normal,0
0.007,TCP,773,15,172,14779,443,0,403,652.95,DoS,1
1.785,TCP,2228,1095,28,16342,8080,0,5,14.76,Normal,0
4.764,TCP,1993,5017,10,31263,53,0,6,1.88,Normal,0
2.708,ICMP,1274,4323,22,21542,443,0,4,14.94,Normal,0
2.813,TCP,1144,4896,16,62755,8080,0,1,7.47,Normal,0
2.377,TCP,338,7505,17,30514,80,0,1,10.88,Normal,0
1.052,TCP,1280,2755,21,38872,443,0,4,11.81,Normal,0
1.278,UDP,1252,2519,26,49377,80,0,7,1.68,Normal,0
0.336,TCP,1115,3520,26,44203,53,0,1,8.27,Normal,0
7.427,TCP,900,3854,14,28494,8080,0,8,12.24,Normal,0
1.133,TCP,5089,12609,156,27460,49994,8,47,227.39,Suspicious Traffic,1
10.095,TCP,821,2404,13,52054,53,0,2,7.21,Normal,0
1.032,TCP,1057,7222,7,2548,80,0,11,13.47,Normal,0
6.519,TCP,822,2467,50,11097,53,0,10,10.62,Normal,0
2.789,UDP,1116,7536,31,53397,8080,0,2,3.51,Normal,0
0.535,TCP,1157,4290,32,14407,8080,0,7,12.44,Normal,0
0.043,UDP,819,30,746,26350,80,0,371,2473.74,DoS,1
0.44,TCP,815,3433,20,32140,80,0,6,13.94,Normal,0
0.45,TCP,84,55,2,50938,53,3,187,282.47,Port Scan,1
0.014,UDP,48,68,1,33418,1433,0,76,200.06,Port Scan,1
0.954,TCP,1657,5300,31,12666,80,0,7,13.42,Normal,0
0.384,TCP,1326,6356,21,40567,8080,1,5,2.51,Normal,0
0.318,TCP,314,373,16,14066,22,7,73,46.39,Brute Force,1
2.528,TCP,1193,5737,30,60750,8080,0,6,11.08,Normal,0
3.928,TCP,1370,7130,31,16297,53,0,4,8.42,Normal,0
0.734,TCP,778,210,6,5611,445,25,63,80.08,Brute Force,1
0.364,TCP,1235,5740,13,4790,53,0,1,2.85,Normal,0
4.018,ICMP,689,4509,36,12285,53,0,7,2.0,Normal,0
0.083,TCP,868,45,709,27951,443,0,213,806.09,DoS,1
3.623,TCP,1807,4880,37,11316,80,0,2,7.19,Normal,0
1.113,ICMP,1584,2271,10,28446,8080,0,7,7.24,Normal,0
0.23,TCP,1431,1407,43,26518,443,0,4,9.13,Normal,0
1.192,TCP,1761,2165,29,14504,53,0,3,9.05,Normal,0
1.839,ICMP,2027,3342,33,47534,8080,0,5,5.61,Normal,0
0.516,TCP,426,373,7,38714,3389,30,77,34.8,Brute Force,1
0.612,TCP,521,324,7,39526,21,18,66,32.64,Brute Force,1
1.458,TCP,1739,4124,19,33955,8080,0,1,14.45,Normal,0
2.338,UDP,1518,5942,23,1512,443,0,5,8.48,Normal,0
0.203,TCP,306,344,14,55064,445,30,64,67.95,Brute Force,1
2.406,UDP,1120,5869,24,40664,443,0,9,11.11,Normal,0
0.004,UDP,1484,31,877,60682,53,0,348,2010.72,DoS,1
0.044,TCP,181,2,521,58646,443,0,874,2828.31,DoS,1
0.415,TCP,98,56,3,48878,80,1,65,260.95,Port Scan,1
0.878,TCP,1765,3197,25,49344,80,0,7,7.47,Normal,0
1.033,UDP,1459,5906,29,58761,8080,0,5,5.17,Normal,0
0.793,UDP,1370,6453,12,56248,53,0,8,1.56,Normal,0
2.294,UDP,953,5298,23,54989,443,0,2,2.32,Normal,0
1.229,TCP,511,6298,30,12793,8080,0,2,12.72,Normal,0
0.616,TCP,1709,4660,22,60717,443,0,1,3.25,Normal,0
0.139,UDP,732,6349,23,7285,8080,0,5,2.1,Normal,0
3.781,TCP,4775,5825,88,3886,80,1,19,107.44,Bot Activity,1
3.046,TCP,1595,5663,29,59059,443,0,6,12.86,Normal,0
5.601,UDP,1082,3193,36,42187,53,0,5,1.27,Normal,0
9.803,TCP,2627,6600,37,5399,8080,1,36,108.12,Bot Activity,1
2.892,UDP,1416,3739,26,48639,443,0,6,11.99,Normal,0
2.379,TCP,2233,5745,15,27978,80,0,6,4.38,Normal,0
0.284,TCP,508,175,12,6040,22,23,49,83.7,Brute Force,1
0.368,TCP,64,21,2,55543,3389,0,170,180.73,Port Scan,1
2.553,UDP,1156,4004,49,27901,8080,0,1,8.1,Normal,0
0.077,ICMP,748,5,959,14615,53,0,203,2440.24,DoS,1
3.68,UDP,642,3606,24,3950,8080,1,1,3.39,Normal,0
0.19,TCP,65,36,2,52138,445,0,153,270.74,Port Scan,1
0.597,UDP,656,5433,30,26004,53,0,4,3.5,Normal,0
0.652,TCP,339,320,16,57108,21,15,24,82.83,Brute Force,1
4.982,TCP,2063,4982,53,27021,80,1,43,49.85,Bot Activity,1
5.175,UDP,1208,3472,26,1728,53,0,8,5.71,Normal,0
0.016,TCP,386,38,382,61130,80,0,991,987.78,DoS,1
0.205,TCP,476,173,17,22462,445,13,63,39.82,Brute Force,1
0.442,TCP,393,307,9,32794,445,6,63,27.92,Brute Force,1
0.222,TCP,757,182,12,5496,22,5,56,94.43,Brute Force,1
2.749,TCP,1218,685,22,36966,443,0,1,10.62,Normal,0
0.209,TCP,675,2490,24,29711,443,0,2,10.69,Normal,0
3.575,ICMP,607,4842,17,19318,443,0,8,5.11,Normal,0
0.887,TCP,827,3878,10,2208,80,0,6,12.64,Normal,0
0.692,TCP,1223,7068,22,9161,8080,0,3,14.98,Normal,0
0.485,TCP,571,224,6,45025,22,19,21,29.95,Brute Force,1
0.084,TCP,903,57,920,45417,443,0,826,1023.97,DoS,1
0.06,TCP,111,11,2,41733,22,2,49,226.46,Port Scan,1
1.065,ICMP,1849,5544,40,15224,80,0,5,11.53,Normal,0
0.499,TCP,76,56,3,44485,80,1,195,58.07,Port Scan,1
1.765,TCP,1081,5333,32,55845,80,0,3,4.89,Normal,0
0.413,TCP,103,62,1,31717,80,0,89,58.99,Port Scan,1
1.355,TCP,1146,1648,14,4214,8080,0,3,10.09,Normal,0
0.416,TCP,109,56,3,42276,21,0,57,253.14,Port Scan,1
1.198,TCP,1437,3513,21,14131,80,1,1,3.12,Normal,0
0.367,UDP,68,62,1,30477,3389,3,54,115.76,Port Scan,1
0.565,TCP,1542,4226,27,54799,443,0,5,14.01,Normal,0
0.968,TCP,518,253,17,5165,21,10,23,87.43,Brute Force,1
0.122,TCP,660,2811,59,63857,80,0,4,6.55,Normal,0
1.855,TCP,1677,6950,16,55449,443,0,3,2.02,Normal,0
2.204,TCP,1208,4992,19,3909,8080,0,6,5.19,Normal,0
2.245,TCP,1755,6045,25,54477,53,0,4,2.64,Normal,0
3.342,UDP,775,3098,11,42102,443,0,4,14.65,Normal,0
6.51,UDP,667,3401,17,62257,8080,0,7,8.3,Normal,0
1.319,TCP,1578,2641,1,8942,443,0,1,3.58,Normal,0
3.325,TCP,1521,6049,30,24393,53,0,1,6.51,Normal,0
0.253,TCP,43,62,2,40362,80,1,155,153.42,Port Scan,1
0.759,TCP,477,160,15,26530,21,14,52,34.48,Brute Force,1
1.164,TCP,480,230,11,31091,21,17,52,60.73,Brute Force,1
1.532,TCP,730,2975,23,5351,53,0,5,5.38,Normal,0
0.112,TCP,85,24,3,32206,21,0,76,182.53,Port Scan,1
4.092,TCP,992,6581,24,27966,53,0,8,2.33,Normal,0
3.204,UDP,978,6232,15,33765,80,0,6,12.39,Normal,0
0.225,TCP,109,11,3,57868,22,0,160,193.34,Port Scan,1
0.212,TCP,109,25,1,33104,3389,0,163,173.82,Port Scan,1
4.554,UDP,1271,2670,27,65343,8080,0,5,10.87,Normal,0
1.397,TCP,1501,4369,16,64750,443,0,5,5.53,Normal,0
0.134,TCP,1489,4996,22,42663,53,0,5,13.76,Normal,0
0.361,TCP,64,57,3,32212,3389,1,169,284.38,Port Scan,1
0.025,TCP,555,45,848,2181,53,0,372,2868.19,DoS,1
0.117,TCP,69,8,2,44709,8080,0,150,234.31,Port Scan,1
0.346,TCP,1399,4287,17,34515,443,0,5,9.9,Normal,0
0.277,TCP,524,322,6,47203,22,9,32,73.82,Brute Force,1
0.259,TCP,518,3220,16,16269,80,0,1,3.29,Normal,0
5.974,TCP,869,5138,11,59796,80,0,1,14.12,Normal,0
3.032,TCP,1049,4308,14,49384,8080,0,1,2.3,Normal,0
1.165,TCP,1394,2991,16,41641,80,0,6,2.56,Normal,0
0.809,TCP,875,7177,18,25569,8080,0,5,13.06,Normal,0
1.216,TCP,1357,3205,35,10964,8080,0,8,8.73,Normal,0
5.565,TCP,3072,3485,35,3509,80,1,29,79.54,Bot Activity,1
4.653,ICMP,1561,3796,37,61541,8080,0,2,4.2,Normal,0
3.151,UDP,1387,3910,10,22566,443,0,3,8.6,Normal,0
0.097,UDP,72,8,168,43204,80,0,280,1457.59,DoS,1
0.402,UDP,1701,5231,12,35160,8080,0,1,5.45,Normal,0
2.456,TCP,561,4220,38,19929,80,0,7,2.06,Normal,0
0.515,TCP,737,4098,27,49054,53,0,8,6.16,Normal,0
2.335,TCP,1513,5444,13,14513,80,0,5,12.02,Normal,0
0.73,TCP,1112,5187,27,44606,443,0,3,3.67,Normal,0
0.467,TCP,1588,3148,26,46656,443,0,5,11.14,Normal,0
0.35,TCP,110,23,1,40539,22,1,185,183.7,Port Scan,1
3.841,TCP,895,4993,26,30015,80,0,1,12.92,Normal,0
0.376,TCP,1609,4527,34,33245,80,0,6,12.3,Normal,0
0.243,TCP,498,395,17,4439,21,18,69,81.01,Brute Force,1
0.43,TCP,651,165,6,62515,21,5,68,53.82,Brute Force,1
0.562,ICMP,1075,4493,24,9253,80,0,6,12.71,Normal,0
0.368,TCP,1013,5405,8,36994,443,0,1,13.58,Normal,0
1.582,UDP,1624,4608,9,6147,8080,0,4,12.27,Normal,0
6.96,TCP,1189,2583,10,21437,443,0,4,1.13,Normal,0
1.722,TCP,1292,2914,34,17076,8080,0,8,6.51,Normal,0
1.83,UDP,642,4285,16,17341,53,0,8,5.13,Normal,0
0.019,UDP,1088,25,135,30402,53,0,382,2754.52,DoS,1
4.324,TCP,400,4217,41,14224,53,0,7,7.98,Normal,0
0.302,TCP,467,305,8,32559,22,15,38,22.07,Brute Force,1
3.835,UDP,777,3960,4,63350,53,0,4,6.24,Normal,0
0.262,UDP,1641,5085,28,12019,8080,0,5,14.48,Normal,0
1.323,UDP,1265,4665,21,34139,8080,0,11,6.29,Normal,0
4.85,ICMP,1243,3595,1,54738,8080,1,6,12.92,Normal,0
1.039,TCP,824,1617,39,26021,8080,0,8,9.91,Normal,0
1.138,TCP,730,225,8,50757,3389,25,38,33.07,Brute Force,1
2.041,TCP,1225,3774,18,40030,443,0,7,8.33,Normal,0
0.647,TCP,426,5382,13,12539,53,0,9,8.43,Normal,0
0.036,TCP,63,36,1,39280,8080,0,53,250.44,Port Scan,1
0.016,TCP,1000,61,369,37865,53,0,884,1765.06,DoS,1
2.226,TCP,4907,4645,87,32537,80,1,38,103.41,Bot Activity,1
0.314,TCP,73,63,3,53424,445,0,134,266.5,Port Scan,1
0.402,TCP,111,60,3,36213,80,3,78,189.19,Port Scan,1
0.159,UDP,47,24,3,46406,3389,2,99,151.68,Port Scan,1
2.843,TCP,1181,3955,10,33232,8080,0,4,7.34,Normal,0
2.414,ICMP,2025,5495,22,62647,8080,0,7,3.33,Normal,0
1.389,TCP,1058,4959,15,25479,8080,0,6,13.56,Normal,0
1.089,UDP,1884,3501,38,43036,80,0,8,13.32,Normal,0
1.946,UDP,884,7615,21,3569,80,0,2,2.65,Normal,0
0.592,UDP,1085,5951,31,38092,443,0,5,8.5,Normal,0
2.561,TCP,7477,12170,65,29618,62725,2,63,238.99,Suspicious Traffic,1
2.949,TCP,1514,3429,10,17753,53,0,3,10.57,Normal,0
4.717,TCP,574,3257,17,33047,53,0,5,7.69,Normal,0
5.488,TCP,1054,5042,25,43682,8080,0,2,14.84,Normal,0
1.646,TCP,693,2687,17,49237,443,0,7,6.37,Normal,0
1.009,TCP,1061,3510,22,3286,53,0,5,11.4,Normal,0
5.474,TCP,1305,2609,5,45355,80,0,8,14.32,Normal,0
0.083,ICMP,720,6,788,43317,80,0,504,975.86,DoS,1
6.6,TCP,1094,6186,16,18151,8080,0,1,12.4,Normal,0
0.734,UDP,520,3082,27,10682,53,0,6,3.16,Normal,0
0.167,UDP,1538,5525,29,38927,443,1,1,3.5,Normal,0
7.075,TCP,1833,3122,69,51551,80,1,48,58.87,Bot Activity,1
0.097,TCP,83,76,2,42594,8080,0,198,89.22,Port Scan,1
0.271,TCP,63,14,1,59523,443,2,56,271.04,Port Scan,1
1.544,TCP,1371,1152,17,35007,443,0,12,13.55,Normal,0
2.259,TCP,1037,4888,30,11892,8080,0,3,3.56,Normal,0
8.887,TCP,972,3010,20,20831,8080,0,8,11.13,Normal,0
0.651,TCP,691,195,12,49124,445,33,39,97.52,Brute Force,1
0.628,TCP,452,226,6,50338,22,15,72,78.87,Brute Force,1
1.357,TCP,784,4559,34,8186,53,0,1,2.09,Normal,0
0.451,TCP,117,17,3,36865,8080,1,106,279.85,Port Scan,1
6.886,TCP,1153,3119,13,46835,53,1,2,8.58,Normal,0
1.744,TCP,1165,6619,29,12061,8080,1,6,5.44,Normal,0
6.155,UDP,1328,3558,15,5602,8080,0,5,14.5,Normal,0
0.065,TCP,530,23,532,43919,443,0,335,1943.78,DoS,1
7.458,UDP,1980,5828,21,49065,8080,0,3,13.61,Normal,0
0.103,TCP,85,74,2,53070,22,0,190,165.32,Port Scan,1
0.878,UDP,1075,6162,24,14002,8080,0,3,3.53,Normal,0
1.348,TCP,744,4000,19,63184,80,0,5,8.66,Normal,0
1.145,TCP,649,129,7,54395,21,5,73,60.89,Brute Force,1
0.035,UDP,1437,60,949,13190,80,0,234,1507.54,DoS,1
1.026,TCP,1716,5328,39,4890,443,0,5,1.18,Normal,0
0.296,TCP,530,232,16,13600,3389,27,46,59.51,Brute Force,1
0.066,TCP,1306,53,778,65443,443,0,572,2393.86,DoS,1
3.435,UDP,1154,5960,26,29908,80,0,2,10.13,Normal,0
1.698,TCP,1622,4955,17,11912,80,0,9,14.91,Normal,0
0.409,TCP,93,79,3,39068,443,1,149,197.56,Port Scan,1
1.15,TCP,1681,4809,20,23448,80,0,5,4.44,Normal,0
0.12,TCP,1674,1452,26,32344,8080,0,5,13.78,Normal,0
0.813,TCP,1798,5742,33,7631,80,0,3,7.34,Normal,0
0.506,ICMP,7856,25324,110,50294,62601,6,24,73.69,Suspicious Traffic,1
0.654,TCP,754,126,9,1498,22,18,68,43.63,Brute Force,1
2.772,TCP,1461,6105,33,7371,443,0,4,6.75,Normal,0
0.455,UDP,107,40,3,49758,1433,1,81,158.69,Port Scan,1
0.197,TCP,1127,2419,15,64074,53,0,6,1.79,Normal,0
4.369,TCP,1729,2670,21,32038,53,0,3,8.5,Normal,0
3.586,TCP,3206,4399,83,23081,443,0,40,106.92,Bot Activity,1
10.632,ICMP,6617,27965,104,45711,58338,1,96,143.1,Suspicious Traffic,1
0.408,TCP,91,63,1,40329,21,0,76,249.58,Port Scan,1
4.072,TCP,1143,3328,32,62693,53,0,1,7.62,Normal,0
5.056,TCP,1680,4347,22,25826,80,0,2,6.64,Normal,0
0.38,TCP,1019,4378,17,58243,53,0,3,7.85,Normal,0
2.915,UDP,1552,5359,26,1227,8080,0,11,4.07,Normal,0
1.056,TCP,1255,3068,44,27357,443,1,3,9.44,Normal,0
2.798,TCP,240,5650,42,9079,53,0,3,2.64,Normal,0
0.632,TCP,1573,4340,1,50271,443,0,3,12.03,Normal,0
0.35,TCP,1457,6086,27,41549,8080,0,3,14.04,Normal,0
2.496,TCP,2555,4686,28,44293,443,1,9,9.3,Normal,0
0.437,TCP,991,2526,36,42841,53,1,1,4.64,Normal,0
1.621,UDP,1628,4182,18,24631,80,0,1,6.33,Normal,0
0.011,UDP,1473,1,969,49247,443,0,214,2602.87,DoS,1
9.937,TCP,3106,7201,37,45453,443,1,28,68.59,Bot Activity,1
0.053,TCP,119,50,3,45877,8080,2,122,132.04,Port Scan,1
1.15,TCP,1075,2228,19,49469,80,0,4,9.79,Normal,0
8.584,TCP,481,2232,23,62568,8080,0,7,7.2,Normal,0
0.103,TCP,1614,6235,21,57195,80,0,1,5.16,Normal,0
0.423,TCP,111,13,3,36392,22,2,141,222.11,Port Scan,1
0.375,TCP,1489,3001,26,58032,80,0,2,5.75,Normal,0
0.248,TCP,73,27,1,39874,1433,0,142,174.19,Port Scan,1
2.063,TCP,1415,4520,36,58354,8080,0,2,11.44,Normal,0
2.349,TCP,1586,3267,30,30272,80,0,5,9.65,Normal,0
3.229,TCP,1618,5023,35,36458,443,0,1,8.8,Normal,0
0.222,TCP,72,9,2,51618,443,0,147,291.77,Port Scan,1
0.483,TCP,690,3689,57,7937,8080,0,1,5.89,Normal,0
0.453,UDP,56,66,1,40698,8080,0,129,126.65,Port Scan,1
0.973,UDP,1411,3520,19,51245,53,0,5,5.61,Normal,0
0.159,TCP,1002,3837,25,17908,8080,0,2,5.52,Normal,0
0.02,UDP,1357,3,564,44973,80,0,560,2821.95,DoS,1
0.181,TCP,96,46,2,47515,445,2,178,149.27,Port Scan,1
1.364,UDP,1586,7254,25,6952,53,0,2,6.94,Normal,0
2.52,TCP,1604,4049,32,62090,80,0,5,13.78,Normal,0
2.953,TCP,1403,5604,28,25732,8080,0,5,3.83,Normal,0
0.067,UDP,1242,40,702,52476,53,0,402,2542.63,DoS,1
0.424,TCP,68,26,1,44318,21,1,92,222.17,Port Scan,1
6.093,TCP,752,2187,16,15675,53,0,7,6.25,Normal,0
0.012,UDP,1072,8,719,6771,80,0,655,1218.81,DoS,1
4.574,TCP,2003,4712,16,6866,53,0,1,10.33,Normal,0
2.57,UDP,912,2538,31,62446,443,0,3,3.35,Normal,0
2.397,TCP,936,1553,26,8634,53,0,4,5.08,Normal,0
1.051,ICMP,450,6211,31,21562,8080,0,7,3.6,Normal,0
0.182,TCP,939,6954,15,1135,53,0,3,14.7,Normal,0
1.719,UDP,1316,2693,30,36126,443,0,10,14.31,Normal,0
4.996,TCP,635,3982,22,65240,8080,0,6,13.03,Normal,0
4.606,TCP,1264,2881,2,24947,443,0,5,10.28,Normal,0
2.532,TCP,1827,4140,5,40452,443,0,4,1.07,Normal,0
0.717,TCP,1116,5994,19,1627,8080,0,7,5.33,Normal,0
1.418,UDP,1506,4158,30,54512,53,0,4,1.42,Normal,0
1.097,TCP,685,323,16,33782,445,5,32,34.71,Brute Force,1
0.682,TCP,1058,4549,17,10686,53,0,6,12.55,Normal,0
1.134,TCP,851,4249,14,44629,80,0,7,14.84,Normal,0
7.618,TCP,4898,2633,46,21268,8080,0,18,117.64,Bot Activity,1
4.957,UDP,1139,4441,1,46153,80,0,3,9.19,Normal,0
0.515,TCP,380,340,9,56577,445,17,51,42.48,Brute Force,1
1.732,TCP,1167,2480,24,42383,443,0,6,8.73,Normal,0
0.87,TCP,391,219,17,47171,445,22,30,89.13,Brute Force,1
3.159,TCP,1368,4543,37,4879,53,0,1,3.42,Normal,0
3.927,UDP,825,5190,27,47998,443,0,4,5.04,Normal,0
0.415,TCP,769,374,6,62263,21,24,76,55.32,Brute Force,1
2.591,TCP,1060,5182,43,46926,80,0,8,3.3,Normal,0
1.053,TCP,442,363,6,51883,21,33,58,66.65,Brute Force,1
1.223,UDP,2152,3203,24,57174,8080,0,7,6.44,Normal,0
0.091,TCP,914,61,149,20626,53,0,231,1791.45,DoS,1
2.28,UDP,889,2311,34,60818,443,0,3,3.39,Normal,0
9.021,ICMP,1734,6468,23,36934,8080,0,5,3.65,Normal,0
2.173,UDP,1261,5979,28,45451,8080,0,1,6.24,Normal,0
8.115,TCP,1125,2766,20,50682,8080,0,3,10.97,Normal,0
1.822,TCP,958,4108,33,35617,53,0,3,11.97,Normal,0
10.013,TCP,7832,27834,29,61518,12786,1,78,192.18,Suspicious Traffic,1
10.693,TCP,1531,3940,34,46972,8080,0,4,1.38,Normal,0
0.045,TCP,51,56,1,55928,80,0,168,286.56,Port Scan,1
1.054,UDP,1369,1960,21,56718,53,0,2,1.63,Normal,0
1.866,TCP,1332,5422,25,11752,443,0,6,5.4,Normal,0
0.329,TCP,1202,3524,23,32642,53,0,1,6.86,Normal,0
1.588,TCP,1393,5956,33,14772,443,0,4,11.58,Normal,0
0.517,TCP,938,1736,36,13847,80,0,5,1.25,Normal,0
1.423,UDP,1004,3996,25,57133,80,0,1,6.47,Normal,0
0.456,TCP,363,216,16,57283,21,25,58,92.67,Brute Force,1
0.459,TCP,1289,5375,26,25702,8080,0,6,7.46,Normal,0
0.277,TCP,490,239,9,12049,22,8,40,78.72,Brute Force,1
2.12,TCP,885,1718,8,7319,53,0,10,7.22,Normal,0
0.947,TCP,1648,4106,25,12797,80,0,3,14.2,Normal,0
0.064,TCP,1312,48,340,34804,53,0,844,2692.88,DoS,1
0.059,TCP,118,6,2,44215,22,0,184,137.49,Port Scan,1
0.592,TCP,1132,3589,23,42114,8080,0,1,12.67,Normal,0
0.179,UDP,70,52,1,42997,445,0,78,81.01,Port Scan,1
7.034,TCP,1257,6490,14,20862,443,0,6,3.12,Normal,0
2.85,UDP,1128,5611,5,25625,80,0,1,4.78,Normal,0
4.79,TCP,1041,5628,32,57706,8080,0,1,2.44,Normal,0
0.082,UDP,1482,1,469,43832,443,0,886,1582.54,DoS,1
0.529,TCP,819,5210,22,25097,80,0,4,7.69,Normal,0
0.06,TCP,297,12,168,6440,80,0,793,692.84,DoS,1
3.564,UDP,1875,7255,3,33086,443,1,6,1.27,Normal,0
0.819,TCP,462,129,13,38575,445,14,31,65.49,Brute Force,1
6.734,TCP,3039,6298,79,18963,8080,1,54,78.74,Bot Activity,1
0.095,UDP,932,39,803,49872,80,0,858,568.07,DoS,1
0.394,TCP,96,57,1,35934,8080,1,189,107.37,Port Scan,1
4.178,UDP,1128,4566,34,32756,8080,0,7,11.12,Normal,0
0.574,TCP,796,331,12,9232,22,23,64,75.63,Brute Force,1
0.442,TCP,408,341,10,22339,22,7,54,39.56,Brute Force,1
0.056,UDP,689,3,894,47802,53,0,453,2106.15,DoS,1
2.296,TCP,970,3248,39,13141,8080,0,5,7.05,Normal,0
0.33,TCP,794,4188,14,2319,8080,0,6,8.13,Normal,0
6.809,TCP,1407,4364,35,36179,8080,0,1,5.43,Normal,0
2.569,UDP,2057,3291,11,55888,80,0,10,9.61,Normal,0
1.287,TCP,1050,5849,12,14621,80,0,6,4.54,Normal,0
3.692,TCP,1460,4107,29,40287,443,1,2,10.66,Normal,0
0.468,TCP,98,24,2,40298,443,1,186,68.39,Port Scan,1
0.368,UDP,107,44,3,48844,21,0,159,135.85,Port Scan,1
0.017,TCP,780,49,773,43796,80,0,368,860.59,DoS,1
1.753,TCP,1946,3284,31,6780,53,0,4,4.65,Normal,0
2.463,TCP,487,2747,24,3319,80,0,1,6.41,Normal,0
1.594,TCP,1736,5935,47,34195,53,0,6,6.65,Normal,0
0.855,TCP,792,141,6,36704,21,6,20,94.67,Brute Force,1
1.459,TCP,4613,4824,75,28750,8080,0,57,86.64,Bot Activity,1
0.068,UDP,311,11,525,1030,80,0,896,788.05,DoS,1
13.201,TCP,6108,8091,28,20725,3026,4,58,30.14,Suspicious Traffic,1
6.559,TCP,2676,3652,56,63036,8080,0,55,78.43,Bot Activity,1
0.125,TCP,80,16,3,39614,1433,1,51,256.05,Port Scan,1
2.088,TCP,1362,2522,63,30183,443,0,8,6.04,Normal,0
0.009,TCP,437,54,302,46579,443,0,813,2028.79,DoS,1
0.06,UDP,1214,35,860,35278,443,0,239,1737.87,DoS,1
1.033,TCP,717,281,17,40751,21,10,27,95.02,Brute Force,1
0.125,TCP,710,277,12,46109,22,34,57,61.98,Brute Force,1
1.648,TCP,835,4644,14,44450,80,0,6,8.66,Normal,0
1.38,TCP,1482,6423,34,13350,443,0,7,9.75,Normal,0
0.312,TCP,64,28,2,34397,1433,1,62,164.85,Port Scan,1
2.927,TCP,3771,7895,52,15183,8080,2,53,63.82,Bot Activity,1
0.592,TCP,953,4786,15,24556,53,0,2,1.05,Normal,0
2.348,TCP,1570,6307,28,41808,8080,0,5,12.48,Normal,0
1.023,TCP,426,5045,15,17734,53,0,5,4.23,Normal,0
0.1,TCP,51,22,2,43109,445,0,99,84.98,Port Scan,1
0.772,TCP,1642,3566,50,6481,53,0,7,8.85,Normal,0
9.941,TCP,919,3109,22,62641,443,0,8,13.8,Normal,0
2.742,UDP,871,5914,15,5649,53,0,8,2.56,Normal,0
0.098,TCP,48,44,2,36312,3389,0,40,270.52,Port Scan,1
2.292,ICMP,742,4556,41,37963,443,0,1,11.68,Normal,0
0.187,TCP,1777,3149,19,11084,53,0,5,12.16,Normal,0
5.554,TCP,174,4101,34,29443,8080,1,7,11.13,Normal,0
2.627,TCP,1118,3823,22,40583,443,0,6,2.0,Normal,0
2.147,TCP,741,2938,5,9192,80,0,5,14.08,Normal,0
0.721,TCP,619,6155,18,27683,80,0,2,5.31,Normal,0
0.58,UDP,1153,1597,30,6856,53,0,11,10.27,Normal,0
8.373,TCP,727,2951,25,52016,53,0,4,4.68,Normal,0
2.894,TCP,3353,6412,82,53329,80,0,59,112.07,Bot Activity,1
8.674,TCP,4571,5592,80,18958,80,1,39,82.82,Bot Activity,1
2.014,ICMP,19357,26623,67,7444,24718,2,37,53.49,Suspicious Traffic,1
4.922,TCP,1467,3806,38,65216,443,0,7,11.02,Normal,0
0.093,UDP,65,67,3,34046,22,0,43,264.94,Port Scan,1
1.099,TCP,474,2615,17,35528,53,0,5,14.6,Normal,0
9.41,TCP,4577,5961,43,53899,443,0,19,62.54,Bot Activity,1
12.597,TCP,1966,4863,7,7286,53,0,5,14.09,Normal,0
1.753,TCP,938,5203,43,57739,53,0,7,13.04,Normal,0
12.445,TCP,1917,3346,14,40835,80,0,5,12.14,Normal,0
4.072,TCP,1822,4835,21,12215,53,0,6,12.73,Normal,0
0.652,TCP,1038,3639,34,26555,443,0,5,6.86,Normal,0
0.555,TCP,1098,2952,8,49606,8080,0,7,12.84,Normal,0
2.242,TCP,2815,4130,19,9385,16978,6,102,19.75,Suspicious Traffic,1
0.657,TCP,1699,4414,15,1647,443,0,1,5.61,Normal,0
7.864,TCP,924,3908,32,10375,8080,0,4,2.41,Normal,0
0.157,UDP,1752,5964,33,18547,80,0,4,6.73,Normal,0
3.071,TCP,967,3021,23,42915,53,0,2,9.53,Normal,0
2.59,UDP,741,3496,28,17350,8080,0,6,2.48,Normal,0
2.903,TCP,1649,7476,18,13024,8080,0,8,10.92,Normal,0
6.154,UDP,10360,19450,54,53353,30715,2,13,62.18,Suspicious Traffic,1
1.385,TCP,1368,1105,45,33939,53,0,8,8.68,Normal,0
3.716,TCP,1454,3299,24,29059,443,0,1,5.58,Normal,0
1.164,ICMP,1722,2302,27,57249,80,0,7,8.92,Normal,0
1.815,UDP,1646,4913,28,27666,53,0,3,6.83,Normal,0
0.318,TCP,53,41,1,32513,21,2,122,204.41,Port Scan,1
7.744,TCP,323,5597,44,62947,80,0,9,2.99,Normal,0
7.69,ICMP,1248,4731,20,4787,80,0,3,7.23,Normal,0
4.854,TCP,2072,4048,7,37342,8080,0,1,4.15,Normal,0
7.39,TCP,10457,15299,47,1725,63057,8,143,29.35,Suspicious Traffic,1
1.056,TCP,793,200,10,63179,445,30,73,30.13,Brute Force,1
0.593,UDP,970,6132,25,45395,443,0,11,13.67,Normal,0
4.294,TCP,707,3850,35,34776,80,0,8,8.67,Normal,0
0.323,TCP,102,19,2,59847,80,0,108,225.42,Port Scan,1
0.358,TCP,64,52,2,53022,1433,1,136,237.54,Port Scan,1
0.044,TCP,681,20,688,50155,443,0,946,815.18,DoS,1
5.798,TCP,1648,4471,25,17030,80,0,7,1.35,Normal,0
2.309,TCP,1369,3681,31,64244,443,0,6,2.48,Normal,0
4.574,UDP,1225,6180,31,58823,443,0,1,9.94,Normal,0
3.784,TCP,1655,4490,25,25080,443,0,2,3.23,Normal,0
0.083,ICMP,1320,47,266,63446,80,0,442,1742.14,DoS,1
3.91,TCP,1179,2871,29,28728,8080,0,2,9.06,Normal,0
0.041,TCP,117,0,1,33710,3389,1,53,69.17,Port Scan,1
5.757,TCP,539,6166,28,60927,443,0,5,6.07,Normal,0
0.182,TCP,64,16,3,58108,443,0,85,299.74,Port Scan,1
1.474,ICMP,632,2421,19,20034,53,0,7,4.27,Normal,0
3.115,TCP,605,2673,32,18375,443,1,1,5.06,Normal,0
1.855,TCP,898,3697,26,42389,8080,0,3,10.42,Normal,0
2.489,ICMP,1192,3297,14,21001,80,0,3,7.9,Normal,0
1.946,TCP,1162,7147,11,59515,8080,0,4,6.06,Normal,0
3.424,TCP,610,5671,30,1411,8080,0,11,6.93,Normal,0
0.214,TCP,105,58,2,30168,3389,3,130,138.81,Port Scan,1
2.704,TCP,1679,6239,24,59364,443,0,4,9.83,Normal,0
3.698,TCP,1301,2489,7,1605,80,0,5,6.72,Normal,0
0.194,TCP,1626,4837,32,13971,80,0,6,2.93,Normal,0
0.532,TCP,1305,4625,34,59909,443,0,4,3.87,Normal,0
3.131,TCP,1655,2680,33,60866,8080,1,1,5.19,Normal,0
0.444,TCP,567,106,15,51451,3389,20,63,49.53,Brute Force,1
0.471,UDP,585,4096,23,15842,8080,0,7,8.61,Normal,0
0.084,UDP,1340,60,941,20638,443,0,479,1492.93,DoS,1
4.632,TCP,1885,6036,33,29096,443,0,2,6.34,Normal,0
7.918,TCP,1833,2692,19,18685,80,0,9,8.5,Normal,0
1.668,TCP,1986,5323,38,44034,8080,0,6,1.58,Normal,0
0.675,ICMP,1411,2052,45,24207,8080,1,9,11.05,Normal,0
2.927,UDP,1285,4349,42,58931,443,0,5,11.2,Normal,0
1.074,TCP,966,3266,29,19696,80,0,3,4.52,Normal,0
0.743,UDP,1587,2864,10,28619,53,0,3,3.02,Normal,0
8.056,TCP,3984,12224,111,11531,43661,5,48,198.09,Suspicious Traffic,1
0.104,TCP,926,4358,30,14066,8080,0,2,7.73,Normal,0
2.38,UDP,1068,3986,16,65442,53,0,5,4.09,Normal,0
0.024,TCP,98,72,1,46238,22,0,40,77.26,Port Scan,1
0.215,TCP,1563,4511,13,22316,8080,0,4,5.05,Normal,0
0.065,TCP,58,79,1,57625,8080,0,174,75.35,Port Scan,1
0.423,TCP,1130,4191,42,9637,80,0,5,10.28,Normal,0
10.82,TCP,1300,4156,15,52976,80,0,1,8.68,Normal,0
0.948,UDP,1096,2999,29,23577,80,0,3,3.08,Normal,0
3.357,TCP,1645,2644,30,16524,80,0,2,12.24,Normal,0
0.525,TCP,543,3993,18,23447,8080,0,6,12.09,Normal,0
3.213,UDP,1481,4800,32,49353,80,0,4,2.09,Normal,0
3.315,TCP,914,6450,29,19995,53,0,1,8.62,Normal,0
0.068,TCP,997,48,943,50891,443,0,763,1859.68,DoS,1
5.652,UDP,1288,3797,15,17261,443,0,5,8.91,Normal,0
3.179,TCP,629,4434,25,13271,443,0,8,13.91,Normal,0
0.37,TCP,843,6670,24,8562,53,0,4,4.27,Normal,0
1.867,UDP,759,5613,30,17235,8080,0,1,11.86,Normal,0
11.648,UDP,12328,12526,195,47323,51297,7,51,123.23,Suspicious Traffic,1
0.076,TCP,1472,50,105,54106,80,0,289,1884.92,DoS,1
4.286,UDP,1513,3342,1,46975,443,0,7,12.01,Normal,0
2.622,TCP,528,5584,9,57049,443,0,4,9.6,Normal,0
0.428,TCP,1175,4548,39,9695,8080,1,6,4.24,Normal,0
0.953,TCP,1204,1967,23,13619,443,0,1,9.75,Normal,0
4.324,UDP,1442,3427,36,41425,443,0,1,5.29,Normal,0
0.035,UDP,1164,12,241,4364,443,0,823,1475.76,DoS,1
9.487,TCP,3927,5003,41,27717,8080,2,18,66.48,Bot Activity,1
8.051,TCP,1156,5966,22,21108,443,0,3,12.2,Normal,0
1.084,TCP,1740,5121,17,28948,8080,0,3,4.11,Normal,0
2.015,TCP,1742,4658,32,29013,80,0,4,13.42,Normal,0
1.801,TCP,1542,3601,27,18670,53,0,5,13.81,Normal,0
0.693,TCP,1216,4288,24,24029,8080,0,1,2.84,Normal,0
2.384,TCP,16792,27426,83,59686,3117,5,124,67.87,Suspicious Traffic,1
0.087,UDP,554,10,527,12936,80,0,407,630.45,DoS,1
1.683,TCP,1264,5192,27,1060,80,0,4,13.99,Normal,0
0.487,TCP,1048,5080,32,22103,443,0,7,10.12,Normal,0
1.242,TCP,1675,2000,26,19385,80,0,4,6.12,Normal,0
2.673,UDP,1579,2940,27,17557,8080,0,11,9.43,Normal,0
0.11,TCP,888,4565,41,20971,80,0,4,8.58,Normal,0
3.264,TCP,734,4289,49,1920,443,0,6,2.7,Normal,0
0.556,TCP,957,3246,14,49606,53,0,7,6.57,Normal,0
0.083,TCP,922,42,910,39619,53,0,637,1903.22,DoS,1
0.006,UDP,662,58,964,40655,443,0,336,1203.67,DoS,1
0.365,TCP,2287,5231,20,16639,53,0,5,9.71,Normal,0
0.046,TCP,187,18,777,26194,80,0,408,2535.83,DoS,1
0.603,TCP,450,279,15,59168,22,11,68,84.56,Brute Force,1
0.852,TCP,1495,2370,16,9576,80,1,2,1.3,Normal,0
0.506,TCP,1074,3502,14,64485,443,0,6,13.43,Normal,0
1.106,TCP,1111,4308,32,30238,80,0,3,10.64,Normal,0
0.011,TCP,393,46,973,36845,53,0,852,588.2,DoS,1
0.172,TCP,1117,3916,16,23497,53,0,1,6.67,Normal,0
0.256,TCP,378,287,12,50897,21,7,60,22.2,Brute Force,1
7.946,TCP,4175,7471,64,35992,8080,1,36,101.07,Bot Activity,1
0.771,TCP,409,345,13,11096,22,13,64,21.78,Brute Force,1
6.49,UDP,17,8561,21,9402,443,0,5,10.15,Normal,0
3.5,TCP,1715,7661,29,47660,53,0,7,13.32,Normal,0
0.041,TCP,969,55,167,50790,53,0,646,787.5,DoS,1
2.946,TCP,1616,4938,25,64930,53,0,8,4.82,Normal,0
0.448,TCP,95,63,1,53505,443,0,178,203.72,Port Scan,1
1.957,TCP,1456,2751,24,60718,8080,0,4,10.44,Normal,0
0.728,UDP,1194,7579,18,28484,80,0,1,9.04,Normal,0
1.743,TCP,812,4414,24,18991,443,0,6,12.05,Normal,0
0.067,TCP,63,25,2,31992,21,3,182,250.32,Port Scan,1
0.705,TCP,828,6826,10,49568,8080,0,11,12.8,Normal,0
0.445,UDP,971,6871,21,35920,80,0,7,9.87,Normal,0
0.609,TCP,1167,2549,27,50224,8080,0,2,5.76,Normal,0
0.749,TCP,494,395,6,26600,445,31,73,58.1,Brute Force,1
0.021,UDP,370,12,958,40819,443,0,854,529.5,DoS,1
0.674,TCP,1439,7158,11,14586,443,1,4,4.89,Normal,0
3.948,ICMP,988,2921,27,38504,443,0,4,12.8,Normal,0
1.24,TCP,1342,2964,4,1605,8080,0,9,12.98,Normal,0
0.85,TCP,1315,2847,35,48248,53,0,5,12.98,Normal,0
0.055,UDP,1177,5,370,15464,443,0,335,1778.67,DoS,1
0.024,UDP,646,57,664,47441,443,0,981,1114.17,DoS,1
0.036,UDP,314,48,980,37210,80,0,829,2039.49,DoS,1
1.159,TCP,1582,3760,37,12238,443,1,1,9.08,Normal,0
0.011,TCP,107,21,2,31280,22,3,99,111.8,Port Scan,1
3.378,TCP,4801,7625,80,62762,443,0,15,102.48,Bot Activity,1
0.096,TCP,1116,33,395,61793,80,0,685,1870.5,DoS,1
0.882,TCP,439,4126,27,18748,80,0,5,4.0,Normal,0
4.243,TCP,588,4529,35,17343,443,0,3,13.48,Normal,0
14.187,TCP,2916,1801,109,1116,42510,7,39,214.03,Suspicious Traffic,1
3.406,TCP,1691,3414,29,23796,53,0,7,11.88,Normal,0
7.292,TCP,1641,5141,43,63050,53,0,12,13.57,Normal,0
1.696,TCP,85,5945,21,27786,53,0,1,4.95,Normal,0
2.348,TCP,1108,4283,26,4777,80,0,10,7.19,Normal,0
1.439,UDP,865,4749,7,15395,53,0,6,13.79,Normal,0
3.372,TCP,1284,2728,15,64700,80,0,8,14.07,Normal,0
5.364,UDP,6656,16119,115,65169,56885,8,76,90.9,Suspicious Traffic,1
0.046,UDP,1006,4,803,52024,53,0,610,2142.94,DoS,1
1.062,TCP,496,343,9,8000,445,18,67,63.7,Brute Force,1
0.334,TCP,654,226,6,62999,3389,14,64,23.67,Brute Force,1
1.411,TCP,1597,3045,28,58043,443,0,4,6.43,Normal,0
0.035,TCP,806,33,207,15484,443,0,387,2458.74,DoS,1
1.781,TCP,1177,4533,24,18640,443,0,1,13.76,Normal,0
0.564,TCP,1774,2316,25,53960,8080,0,1,13.67,Normal,0
1.605,TCP,920,6698,24,16211,8080,0,8,13.22,Normal,0
0.733,TCP,471,5003,27,60149,8080,0,7,13.48,Normal,0
7.085,TCP,3315,7292,64,12920,443,0,31,72.9,Bot Activity,1
6.933,TCP,4563,6545,48,13150,80,1,23,69.69,Bot Activity,1
0.773,TCP,712,176,14,13402,445,15,26,27.05,Brute Force,1
1.053,TCP,1440,3536,25,62848,443,0,5,14.29,Normal,0
0.785,UDP,1383,3509,1,2404,53,0,3,12.61,Normal,0
1.284,TCP,978,3473,24,12672,8080,0,6,8.14,Normal,0
0.345,TCP,80,27,1,34702,443,0,183,242.35,Port Scan,1
1.361,TCP,489,4324,32,28969,443,0,3,9.89,Normal,0
1.09,TCP,1614,6099,31,43303,8080,0,4,13.21,Normal,0
0.035,TCP,665,28,900,35547,80,0,399,2505.49,DoS,1
0.816,TCP,1145,4340,29,48654,80,0,7,3.87,Normal,0
1.22,TCP,2666,2129,38,25789,443,0,51,119.41,Bot Activity,1
0.064,UDP,814,27,722,2382,80,0,978,572.24,DoS,1
1.101,TCP,1300,7985,24,55194,80,0,4,9.67,Normal,0
5.241,TCP,1040,3628,39,43261,80,0,1,5.54,Normal,0
0.031,TCP,306,59,509,51495,80,0,522,672.25,DoS,1
0.35,TCP,70,55,2,50558,80,0,158,291.3,Port Scan,1
0.909,TCP,1119,5155,31,52955,80,0,8,9.3,Normal,0
0.188,TCP,2001,5148,39,7994,53,0,1,10.26,Normal,0
0.467,TCP,749,245,13,6593,21,29,78,92.38,Brute Force,1
0.199,TCP,1303,3740,36,10149,8080,0,3,14.2,Normal,0
1.643,TCP,712,4132,17,59508,8080,0,7,3.01,Normal,0
2.883,TCP,880,4987,3,21169,53,0,3,14.63,Normal,0
0.986,UDP,1245,3332,37,17003,80,0,3,1.77,Normal,0
1.779,TCP,1569,5331,19,18553,80,1,10,13.3,Normal,0
0.854,TCP,1437,4294,24,3943,80,0,7,2.99,Normal,0
1.285,TCP,1297,3618,8,7746,8080,0,6,11.91,Normal,0
0.64,TCP,348,375,14,60804,21,23,58,48.02,Brute Force,1
2.179,TCP,4966,2074,57,2597,80,0,40,43.21,Bot Activity,1
0.015,UDP,111,19,234,29017,443,0,982,530.05,DoS,1
1.002,TCP,241,1952,24,10683,53,0,1,6.09,Normal,0
0.562,UDP,1116,4160,10,15828,8080,0,6,7.43,Normal,0
0.902,TCP,1120,2323,37,47873,80,0,9,12.01,Normal,0
0.016,TCP,64,69,2,37357,443,0,84,120.85,Port Scan,1
0.056,UDP,591,3,167,63707,443,0,536,943.73,DoS,1
0.86,UDP,1162,3344,19,24441,80,0,7,5.23,Normal,0
0.065,UDP,479,63,226,8781,443,0,969,2755.25,DoS,1
2.3,UDP,1309,1619,27,61535,80,0,6,11.78,Normal,0
0.62,UDP,1325,3148,18,40641,443,0,7,10.78,Normal,0
1.827,TCP,1522,4953,23,35790,53,0,1,6.92,Normal,0
1.736,UDP,1476,6651,26,45552,8080,0,7,5.59,Normal,0
1.013,TCP,472,3752,22,44755,53,0,1,3.42,Normal,0
0.691,TCP,696,138,15,19834,3389,13,74,38.43,Brute Force,1
0.304,TCP,1124,7735,20,58395,80,0,9,2.79,Normal,0
0.009,TCP,461,63,475,33743,53,0,601,2424.24,DoS,1
4.704,TCP,532,2421,27,25215,53,0,6,9.7,Normal,0
0.717,TCP,379,195,12,47641,22,22,58,96.75,Brute Force,1
7.421,TCP,1006,5201,53,52723,80,0,5,6.5,Normal,0
5.979,TCP,1016,3171,26,65122,443,0,7,6.22,Normal,0
4.647,TCP,2189,3093,39,10631,53,0,7,3.66,Normal,0
0.798,TCP,1447,2410,37,30299,8080,0,3,8.51,Normal,0
1.675,TCP,1251,4712,43,8441,8080,0,2,5.17,Normal,0
6.199,TCP,1601,2447,4,19275,443,0,4,4.38,Normal,0
1.352,TCP,1883,2652,33,9383,443,0,1,4.97,Normal,0
2.092,TCP,1480,5475,16,24133,53,0,5,8.81,Normal,0
0.706,TCP,750,3209,41,32566,8080,0,4,7.15,Normal,0
2.992,TCP,2273,5626,83,42745,443,1,45,103.53,Bot Activity,1
0.382,UDP,109,0,3,51428,21,0,185,116.55,Port Scan,1
6.891,TCP,946,6670,27,26137,8080,0,3,6.38,Normal,0
0.925,TCP,616,381,7,36332,445,23,35,57.75,Brute Force,1
0.305,TCP,1443,3062,29,35921,443,0,6,2.87,Normal,0
7.448,UDP,1202,2951,23,39099,8080,0,7,12.72,Normal,0
0.382,TCP,1318,5659,32,51919,443,0,9,6.41,Normal,0
6.596,TCP,1267,4490,35,16438,53,1,3,13.07,Normal,0
0.349,ICMP,2157,4470,18,56769,80,0,3,12.2,Normal,0
6.31,TCP,1053,4956,24,32084,443,0,1,6.54,Normal,0
7.135,TCP,861,3686,11,4929,53,0,1,9.42,Normal,0
3.747,TCP,2016,5998,30,56686,443,0,3,9.62,Normal,0
1.822,UDP,830,6775,33,10471,8080,0,4,3.39,Normal,0
8.18,TCP,1504,4755,28,55277,443,0,7,4.09,Normal,0
0.489,UDP,82,20,2,52799,22,1,155,196.86,Port Scan,1
1.013,TCP,1701,7194,12,25762,80,0,1,5.86,Normal,0
9.304,UDP,1207,6278,10,28858,53,0,5,11.09,Normal,0
3.491,TCP,961,5656,27,7972,80,0,4,10.21,Normal,0
0.488,TCP,1789,5321,31,39948,443,1,3,2.53,Normal,0
8.905,TCP,1334,5462,24,24961,443,0,2,8.27,Normal,0
4.79,TCP,3063,2674,68,6075,80,0,18,119.74,Bot Activity,1
0.48,TCP,1253,3932,42,38326,8080,0,7,8.08,Normal,0
0.701,TCP,759,245,15,12980,445,31,28,46.26,Brute Force,1
1.826,TCP,956,4437,19,49754,443,0,4,2.65,Normal,0
0.53,UDP,1249,7999,6,46806,53,0,1,14.69,Normal,0
0.955,TCP,599,252,12,48378,3389,17,77,55.74,Brute Force,1
0.031,TCP,633,34,625,30121,53,0,398,2483.96,DoS,1
0.118,TCP,942,5654,23,46588,80,0,6,14.18,Normal,0
5.624,UDP,764,4613,31,11241,80,0,4,5.13,Normal,0
1.312,TCP,952,3317,27,3129,443,0,6,12.05,Normal,0
0.605,TCP,664,216,7,1737,445,27,59,45.11,Brute Force,1
2.767,TCP,1225,2726,25,55595,8080,0,7,2.72,Normal,0
0.344,TCP,485,228,10,58432,445,32,35,60.15,Brute Force,1
0.029,TCP,454,6,934,37342,53,0,898,1271.23,DoS,1
5.995,TCP,1506,4778,23,55388,53,0,5,4.06,Normal,0
0.003,TCP,1198,53,529,33915,443,0,385,1999.26,DoS,1
0.837,UDP,1153,1332,34,47513,443,0,7,10.29,Normal,0
2.84,TCP,1791,2258,23,11301,53,0,3,6.69,Normal,0
1.766,UDP,1566,4409,29,35202,8080,0,1,1.04,Normal,0
5.136,TCP,1315,2044,25,9225,443,0,2,5.25,Normal,0
4.018,TCP,2048,2288,32,4694,443,0,7,3.59,Normal,0
1.17,TCP,1281,6540,36,54928,80,0,1,11.36,Normal,0
1.669,TCP,517,6229,5,31724,8080,0,1,9.85,Normal,0
1.471,TCP,1563,4934,21,43091,8080,0,3,8.55,Normal,0
0.188,TCP,799,3149,31,11826,80,0,7,2.81,Normal,0
3.539,TCP,1212,5051,28,43403,8080,0,4,5.47,Normal,0
1.092,UDP,1035,2798,12,8129,80,0,2,9.12,Normal,0
0.408,TCP,67,64,2,57741,3389,0,175,186.91,Port Scan,1
7.031,TCP,1206,1746,18,2863,443,0,2,10.61,Normal,0
2.566,UDP,1524,1661,32,36517,80,0,7,8.56,Normal,0
1.409,TCP,1730,2989,17,40157,80,0,7,1.6,Normal,0
0.37,TCP,117,20,1,48077,21,1,155,65.16,Port Scan,1
0.24,TCP,647,259,17,42862,22,17,30,30.12,Brute Force,1
1.584,TCP,3253,7518,66,16775,443,1,48,65.04,Bot Activity,1
4.798,TCP,1031,7948,23,6598,80,0,6,10.54,Normal,0
0.326,UDP,1003,2575,33,52813,8080,1,13,8.07,Normal,0
1.192,TCP,616,213,8,21641,22,21,36,40.82,Brute Force,1
0.306,UDP,845,2654,32,62858,53,1,10,12.34,Normal,0
6.701,TCP,1402,6830,18,24398,53,0,4,9.47,Normal,0
1.839,TCP,858,2768,37,33807,443,0,2,14.05,Normal,0
14.214,UDP,6753,18412,64,26626,47559,8,116,50.43,Suspicious Traffic,1
0.704,UDP,693,5407,18,24345,443,0,6,12.51,Normal,0
1.17,TCP,375,371,10,7406,3389,32,65,22.68,Brute Force,1
0.223,TCP,75,72,3,54295,1433,0,138,158.96,Port Scan,1
4.86,TCP,1056,4259,16,7644,443,1,10,6.77,Normal,0
1.54,TCP,679,3692,22,53196,8080,0,3,10.34,Normal,0
1.304,TCP,1623,4891,5,57963,80,0,7,6.21,Normal,0
4.244,TCP,1627,5237,19,10956,8080,0,1,13.29,Normal,0
0.126,TCP,608,3107,30,42047,80,0,7,12.73,Normal,0
2.365,TCP,467,4172,27,16201,443,0,10,2.1,Normal,0
0.151,TCP,618,3050,25,43899,443,0,1,14.58,Normal,0
0.821,TCP,1678,7018,42,11579,53,0,5,12.84,Normal,0
7.25,UDP,2931,4593,75,9623,22219,7,137,237.5,Suspicious Traffic,1
1.8,UDP,663,3612,27,20085,53,0,2,10.8,Normal,0
2.899,UDP,1000,3993,32,62638,8080,1,2,9.27,Normal,0
4.438,TCP,773,6112,19,47736,8080,0,7,6.11,Normal,0
0.678,UDP,1263,3036,28,41027,80,0,8,5.58,Normal,0
0.649,TCP,381,195,13,38177,445,24,68,88.27,Brute Force,1
1.212,TCP,700,6652,27,7408,80,0,5,4.95,Normal,0
6.605,TCP,4573,2623,45,58071,443,0,28,49.61,Bot Activity,1
0.042,ICMP,901,8,591,36882,80,0,994,1912.93,DoS,1
6.861,TCP,1262,7448,13,33721,80,0,2,14.0,Normal,0
0.052,TCP,210,10,570,12147,443,0,446,605.17,DoS,1
3.528,UDP,1842,5419,24,11607,80,0,1,11.21,Normal,0
0.218,TCP,83,73,2,32923,443,2,123,289.86,Port Scan,1
0.974,TCP,1318,2290,27,12768,8080,0,1,9.43,Normal,0
1.306,TCP,1191,1376,32,32040,53,0,2,10.93,Normal,0
0.356,TCP,665,5171,25,29994,443,0,5,13.01,Normal,0
0.29,TCP,1177,4692,2,64705,8080,1,2,11.23,Normal,0
2.017,ICMP,1942,1463,39,57320,53,0,5,4.74,Normal,0
3.607,TCP,1295,5529,17,57189,443,0,5,11.23,Normal,0
0.324,TCP,61,75,1,50467,3389,0,197,236.56,Port Scan,1
6.969,TCP,1304,3617,20,25514,80,0,7,13.44,Normal,0
2.089,UDP,1045,5932,19,34182,8080,0,3,8.2,Normal,0
0.183,TCP,1115,6371,33,58404,80,0,3,3.71,Normal,0
1.785,TCP,583,4638,1,43221,80,0,11,3.92,Normal,0
13.051,TCP,5222,22951,38,17069,45859,4,16,130.6,Suspicious Traffic,1
1.158,TCP,433,136,10,54845,22,6,37,68.43,Brute Force,1
2.459,UDP,1865,5108,38,11154,80,0,1,10.73,Normal,0
0.825,TCP,788,345,15,11393,445,25,71,87.31,Brute Force,1
1.582,TCP,1540,2901,20,56981,80,0,1,5.23,Normal,0
1.024,TCP,932,5958,27,58313,8080,0,8,11.93,Normal,0
0.015,TCP,143,26,313,23892,443,0,657,2458.47,DoS,1
1.115,TCP,509,6164,24,31727,8080,0,3,13.14,Normal,0
1.764,TCP,4219,3550,52,12839,8080,1,59,52.75,Bot Activity,1
2.36,UDP,669,6434,31,8125,8080,0,6,11.65,Normal,0
0.507,TCP,1315,5927,30,14097,8080,0,1,4.1,Normal,0
8.445,TCP,4867,3122,80,21818,443,1,29,75.77,Bot Activity,1
7.223,TCP,2759,7999,50,40632,443,2,50,96.45,Bot Activity,1
0.063,TCP,119,12,2,54290,445,0,67,189.87,Port Scan,1
0.038,TCP,959,49,366,8517,443,0,752,689.48,DoS,1
1.707,UDP,970,1490,39,30816,80,0,9,8.25,Normal,0
2.871,UDP,1025,3080,36,63188,8080,0,7,11.94,Normal,0
0.244,TCP,91,10,1,48618,80,3,143,221.95,Port Scan,1
3.551,TCP,1519,3508,16,40417,8080,0,6,6.16,Normal,0
2.653,TCP,1338,4579,8,54013,53,0,2,3.11,Normal,0
1.928,UDP,1615,4768,33,65155,8080,0,1,10.26,Normal,0
1.362,TCP,1204,2250,18,14885,80,0,1,2.18,Normal,0
0.357,TCP,1453,7071,12,45830,8080,0,2,14.97,Normal,0
1.004,TCP,313,117,14,42685,21,29,22,53.95,Brute Force,1
13.171,ICMP,17223,17829,76,6503,9289,4,101,56.33,Suspicious Traffic,1
4.469,TCP,1066,3824,8,5563,53,0,6,8.04,Normal,0
1.864,TCP,1197,5105,33,20576,8080,0,8,7.87,Normal,0
1.887,TCP,867,4380,21,35416,443,0,1,10.97,Normal,0
0.625,TCP,390,181,11,18028,21,27,45,42.62,Brute Force,1
0.013,TCP,48,73,2,33029,8080,0,166,262.9,Port Scan,1
3.226,TCP,1522,5528,28,23439,53,0,5,13.1,Normal,0
6.221,TCP,1488,5205,18,23915,8080,0,4,14.3,Normal,0
1.17,TCP,1276,5635,29,36119,443,0,11,6.48,Normal,0
5.656,TCP,1222,6476,19,29650,53,0,4,5.53,Normal,0
0.071,UDP,1174,7,242,38401,443,0,453,1252.57,DoS,1
0.517,UDP,497,5986,7,54962,80,0,5,9.17,Normal,0
5.924,TCP,1408,6056,32,59599,443,0,5,3.2,Normal,0
1.071,UDP,1872,3608,20,44800,443,0,1,5.72,Normal,0
3.455,TCP,1433,5908,25,54994,53,1,2,14.87,Normal,0
1.798,TCP,1457,3078,13,59778,8080,0,9,4.98,Normal,0
0.014,TCP,1165,9,939,33756,443,0,621,1762.04,DoS,1
5.152,UDP,1511,1190,14,8470,8080,0,1,1.4,Normal,0
1.166,TCP,684,255,15,48360,22,19,23,49.42,Brute Force,1
3.725,TCP,1060,4883,32,30552,443,0,7,2.98,Normal,0
2.99,UDP,898,5466,39,42897,80,1,6,4.58,Normal,0
1.044,TCP,760,4253,15,49895,443,0,7,3.36,Normal,0
1.987,TCP,1087,4562,22,36813,443,0,10,4.57,Normal,0
0.467,TCP,52,37,1,36873,21,0,104,287.95,Port Scan,1
1.797,ICMP,1649,4389,22,64709,80,0,1,5.32,Normal,0
0.821,ICMP,1615,2524,27,24866,80,0,4,8.6,Normal,0
6.639,UDP,6926,22111,133,21142,32905,3,20,149.29,Suspicious Traffic,1
1.971,TCP,1830,6299,48,54702,80,1,39,118.82,Bot Activity,1
0.068,TCP,440,56,626,46855,443,0,831,1624.66,DoS,1
1.111,TCP,1481,5983,27,43552,8080,0,2,13.24,Normal,0
0.26,TCP,64,70,2,57137,1433,5,72,58.8,Port Scan,1
0.259,TCP,1188,3788,27,28933,53,0,6,14.22,Normal,0
1.993,TCP,2370,4024,34,12547,8080,0,7,8.97,Normal,0
1.398,TCP,616,5163,21,12618,443,0,9,9.99,Normal,0
0.485,TCP,581,4065,27,26031,53,0,1,11.16,Normal,0
3.421,TCP,1687,3293,12,46149,8080,0,7,2.71,Normal,0
4.649,TCP,1080,3841,39,47037,80,0,4,4.46,Normal,0
0.337,TCP,997,3651,38,53843,80,0,3,11.42,Normal,0
0.416,TCP,1640,4523,25,2101,8080,0,5,5.91,Normal,0
0.175,TCP,90,19,1,50441,1433,0,107,204.54,Port Scan,1
0.991,TCP,796,126,11,7559,445,18,76,67.08,Brute Force,1
0.285,TCP,627,319,6,34013,22,20,72,22.62,Brute Force,1
3.344,TCP,1350,4030,21,44784,53,0,2,5.36,Normal,0
0.026,TCP,269,49,313,14910,80,0,254,1587.77,DoS,1
0.589,TCP,1102,3925,10,51938,8080,0,2,10.48,Normal,0
0.392,UDP,106,21,3,58060,445,0,121,203.22,Port Scan,1
0.299,TCP,1578,4209,41,63320,80,0,5,3.44,Normal,0
0.785,TCP,1607,4692,31,53044,8080,0,1,1.06,Normal,0
0.319,TCP,642,4405,35,54791,8080,1,11,2.24,Normal,0
3.743,TCP,801,5433,27,25577,443,0,5,7.19,Normal,0
1.374,TCP,1566,6346,27,18563,53,0,3,14.03,Normal,0
1.443,UDP,745,5544,29,60182,8080,0,3,14.39,Normal,0
1.16,TCP,602,378,14,1297,445,32,31,32.06,Brute Force,1
1.367,UDP,148,2045,31,3166,80,1,6,4.28,Normal,0
0.371,UDP,1484,2119,28,52831,53,0,3,3.61,Normal,0
0.542,TCP,588,180,16,35035,3389,32,26,62.52,Brute Force,1
0.091,TCP,1097,1,218,22985,80,0,599,1071.89,DoS,1
1.124,TCP,302,169,11,63884,445,31,65,90.18,Brute Force,1
0.059,TCP,77,16,1,42824,21,1,122,210.82,Port Scan,1
0.022,TCP,646,14,398,41412,53,0,906,846.64,DoS,1
1.031,TCP,1249,4236,29,26801,80,0,6,8.55,Normal,0
0.267,TCP,690,227,15,38895,445,30,36,51.34,Brute Force,1
8.796,TCP,902,5758,29,9470,8080,0,9,6.94,Normal,0
7.661,UDP,2315,2538,182,12409,26419,5,125,65.28,Suspicious Traffic,1
0.299,TCP,44,71,3,46950,22,1,128,77.35,Port Scan,1
3.258,TCP,1381,4605,10,29690,443,0,4,7.49,Normal,0
4.141,TCP,1024,3810,22,53530,443,0,6,11.19,Normal,0
3.287,TCP,1033,2496,3,42407,8080,0,5,9.03,Normal,0
2.936,TCP,966,7101,22,42136,53,0,7,5.31,Normal,0
1.879,TCP,1359,6493,27,11448,53,0,7,1.3,Normal,0
0.084,TCP,243,35,138,7137,80,0,528,2938.4,DoS,1
0.677,TCP,1259,2385,32,29691,80,0,1,9.22,Normal,0
5.01,TCP,4562,5454,84,39906,80,0,39,68.15,Bot Activity,1
2.235,UDP,512,5156,16,2848,80,0,2,14.71,Normal,0
1.053,TCP,1129,4164,39,2682,443,0,5,13.27,Normal,0
0.095,TCP,122,6,640,42605,53,0,644,2178.03,DoS,1
1.342,TCP,1124,5558,28,51985,53,0,9,4.3,Normal,0
0.806,TCP,1517,2785,19,43788,443,0,8,8.21,Normal,0
0.039,TCP,1492,11,143,36114,80,0,528,803.66,DoS,1
6.022,ICMP,3540,4173,131,48624,51120,4,92,30.39,Suspicious Traffic,1
1.1,TCP,614,306,6,53918,445,33,33,85.11,Brute Force,1
0.308,TCP,59,13,1,51602,80,0,69,75.13,Port Scan,1
1.208,TCP,1886,6023,12,19045,80,0,7,12.33,Normal,0
0.032,TCP,1355,59,145,42144,80,0,203,2541.01,DoS,1
6.251,TCP,1001,3954,22,42862,80,0,3,9.89,Normal,0
0.442,TCP,83,31,2,34020,443,4,124,207.96,Port Scan,1
0.237,UDP,2170,6326,40,10320,53,0,6,3.04,Normal,0
1.685,UDP,1477,4546,27,12862,80,0,4,13.25,Normal,0
1.191,TCP,1370,6660,41,56378,53,0,1,11.27,Normal,0
0.335,TCP,1038,2281,19,14654,8080,0,8,1.24,Normal,0
14.331,TCP,1418,3307,40,53155,80,0,5,13.09,Normal,0
2.971,TCP,1116,6129,26,32909,80,0,3,14.42,Normal,0
0.787,TCP,903,6173,32,28544,8080,0,1,1.65,Normal,0
1.411,TCP,889,4045,36,42545,8080,0,3,6.79,Normal,0
0.547,TCP,1060,5678,33,12808,53,1,3,10.91,Normal,0
0.85,TCP,352,387,16,12734,22,33,63,72.84,Brute Force,1
0.091,TCP,1396,3,786,8706,443,0,469,1718.49,DoS,1
0.064,TCP,299,60,399,23751,443,0,280,1910.37,DoS,1
2.332,TCP,1321,4382,19,41264,80,0,6,7.54,Normal,0
0.138,TCP,42,33,2,33984,21,0,91,279.33,Port Scan,1
2.205,TCP,1352,5852,23,40747,80,0,4,8.8,Normal,0
1.35,TCP,951,3080,18,34972,443,0,3,14.35,Normal,0
0.447,TCP,68,38,3,59444,21,1,152,259.28,Port Scan,1
5.356,UDP,15759,28552,74,2958,21466,7,16,217.66,Suspicious Traffic,1
4.655,TCP,890,3915,20,10105,443,0,4,9.43,Normal,0
0.481,TCP,765,4620,30,46349,443,0,7,14.36,Normal,0
1.204,ICMP,1063,4540,23,32585,443,0,4,11.33,Normal,0
0.391,UDP,798,4642,28,23867,53,0,3,5.98,Normal,0
0.176,TCP,421,329,13,54044,445,6,70,76.69,Brute Force,1
0.39,UDP,755,6191,28,29602,8080,0,10,8.83,Normal,0
0.41,TCP,894,5849,31,17415,443,0,1,13.98,Normal,0
4.112,ICMP,1271,6161,22,56470,53,0,1,12.79,Normal,0
0.085,UDP,748,19,103,7768,53,0,811,1192.5,DoS,1
4.736,TCP,1171,5552,28,53005,53,0,2,13.54,Normal,0
3.039,ICMP,1473,3670,18,14514,8080,0,1,4.94,Normal,0
0.113,TCP,2026,3217,36,30264,8080,0,10,5.1,Normal,0
4.528,TCP,2259,5327,74,18829,443,0,27,105.12,Bot Activity,1
1.413,UDP,1286,3347,19,41848,80,0,4,3.99,Normal,0
0.172,TCP,839,3923,1,29160,443,0,2,14.6,Normal,0
6.453,TCP,4651,25446,65,25532,58845,7,23,45.44,Suspicious Traffic,1
0.225,TCP,501,2514,36,42489,80,0,2,8.14,Normal,0
2.259,TCP,2225,3681,30,59315,80,2,35,75.94,Bot Activity,1
5.253,TCP,1604,4224,10,63814,53,0,6,12.83,Normal,0
4.646,TCP,989,6321,26,20258,53,0,6,9.34,Normal,0
7.019,TCP,1068,6228,27,8538,443,0,5,7.52,Normal,0
1.102,TCP,868,4997,11,29165,443,0,1,3.11,Normal,0
0.096,UDP,102,19,1,51527,3389,0,64,158.57,Port Scan,1
1.493,TCP,1699,2613,18,25402,443,0,8,4.67,Normal,0
3.975,TCP,1190,3662,7,9040,80,0,3,7.97,Normal,0
0.809,UDP,1473,1869,22,1739,53,0,1,13.65,Normal,0
4.951,TCP,1026,4742,19,38214,53,0,6,14.51,Normal,0
0.642,TCP,762,150,17,37832,22,33,56,24.11,Brute Force,1
0.265,TCP,1073,3305,35,26295,53,0,3,4.16,Normal,0
2.413,TCP,1516,2133,18,35579,443,0,8,8.35,Normal,0
0.16,ICMP,773,3052,41,19247,80,0,7,10.94,Normal,0
0.174,TCP,506,188,6,43378,445,26,75,41.28,Brute Force,1
2.062,TCP,1247,3402,24,45729,8080,0,5,13.0,Normal,0
0.081,TCP,1350,23,467,22004,80,0,404,1620.21,DoS,1
8.812,ICMP,5274,28678,7,13943,3255,7,117,224.07,Suspicious Traffic,1
1.976,TCP,1049,5544,9,53632,8080,0,5,8.2,Normal,0
0.052,TCP,109,47,3,43803,443,0,173,247.99,Port Scan,1
1.121,UDP,203,5198,46,9157,8080,0,3,9.52,Normal,0
2.171,UDP,1889,5690,32,22447,8080,0,3,7.3,Normal,0
0.838,ICMP,1056,14437,76,2418,18681,1,113,221.65,Suspicious Traffic,1
0.538,UDP,829,1550,21,2193,80,0,1,4.24,Normal,0
0.254,TCP,103,25,2,57578,8080,0,189,180.48,Port Scan,1
0.896,TCP,1210,3792,27,3450,80,0,4,3.4,Normal,0
0.448,TCP,411,390,15,2091,22,33,36,80.57,Brute Force,1
2.691,ICMP,2065,3768,24,31819,80,0,3,2.16,Normal,0
3.215,UDP,1109,4680,21,28227,53,0,9,7.65,Normal,0
4.963,TCP,1707,4500,19,50418,53,0,4,5.3,Normal,0
1.138,TCP,421,106,10,37492,3389,15,28,98.3,Brute Force,1
1.946,UDP,1471,5760,46,33387,80,0,6,10.8,Normal,0
2.364,UDP,1297,1559,24,46668,8080,0,1,3.94,Normal,0
1.75,TCP,647,3967,28,43039,80,0,6,3.41,Normal,0
11.341,TCP,1151,2901,39,62478,80,1,4,13.83,Normal,0
1.042,TCP,1202,4587,23,4159,80,0,7,11.12,Normal,0
6.17,TCP,949,5667,16,22183,8080,0,9,1.44,Normal,0
2.096,TCP,1140,2494,17,6793,443,0,1,7.45,Normal,0
0.6,UDP,1388,3062,29,54258,53,0,4,1.93,Normal,0
0.05,TCP,442,26,382,36254,80,0,489,2791.68,DoS,1
1.457,UDP,1135,7323,20,62242,80,0,3,1.63,Normal,0
0.837,TCP,1837,5326,41,52467,80,0,7,13.12,Normal,0
0.086,TCP,424,32,422,63097,443,0,305,1219.38,DoS,1
5.53,ICMP,9483,8936,132,5942,17284,2,24,242.45,Suspicious Traffic,1
0.899,TCP,778,222,14,22607,445,17,48,21.69,Brute Force,1
0.317,TCP,733,106,12,18713,21,14,57,28.03,Brute Force,1
2.475,TCP,1215,3834,7,61636,443,0,2,13.79,Normal,0
1.058,UDP,1350,1454,29,8882,443,0,8,1.85,Normal,0
2.068,TCP,1737,7020,19,10724,8080,0,7,9.09,Normal,0
0.64,TCP,715,139,14,44818,22,28,72,44.39,Brute Force,1
12.792,UDP,11053,1219,151,35219,34577,1,50,43.12,Suspicious Traffic,1
0.983,TCP,1244,5447,27,16787,8080,0,2,1.87,Normal,0
2.743,TCP,1418,4479,30,65011,53,0,7,8.25,Normal,0
1.601,UDP,1814,4973,25,48922,8080,0,5,9.44,Normal,0
0.648,TCP,986,4534,36,18314,53,0,4,14.67,Normal,0
0.018,TCP,628,14,708,24159,53,0,267,1609.3,DoS,1
2.362,UDP,1575,3910,41,55783,443,0,7,12.92,Normal,0
7.463,TCP,705,2615,33,49211,443,0,8,11.21,Normal,0
0.566,UDP,802,3417,20,5949,8080,0,3,6.98,Normal,0
5.708,TCP,963,6741,25,1885,443,0,12,3.34,Normal,0
2.976,TCP,1164,3498,33,26260,443,0,7,13.23,Normal,0
10.706,UDP,1303,4108,17,23336,443,0,4,2.85,Normal,0
1.99,UDP,1145,2263,28,50937,53,0,1,13.73,Normal,0
1.884,UDP,1903,5599,29,21460,8080,0,8,9.98,Normal,0
0.036,TCP,70,77,1,33462,22,1,91,229.27,Port Scan,1
1.437,UDP,904,5814,35,15363,53,0,4,1.31,Normal,0
0.76,TCP,1366,3916,24,30675,443,0,1,11.16,Normal,0
4.856,TCP,1505,4316,24,13342,80,0,3,10.25,Normal,0
0.055,UDP,676,20,976,11785,53,0,733,1564.45,DoS,1
0.069,UDP,1110,47,543,21154,53,0,535,2773.21,DoS,1
0.708,TCP,611,3772,51,43517,80,0,5,4.4,Normal,0
1.38,UDP,1801,2635,24,58447,80,0,3,3.29,Normal,0
12.077,ICMP,1581,16562,22,16790,1088,8,149,79.57,Suspicious Traffic,1
5.146,ICMP,4454,15539,18,59620,30203,5,83,64.81,Suspicious Traffic,1
0.035,TCP,78,57,2,30936,445,3,190,201.71,Port Scan,1
0.452,TCP,84,68,2,44832,3389,1,63,188.38,Port Scan,1
11.914,ICMP,6147,27144,142,18429,7755,5,41,11.52,Suspicious Traffic,1
0.408,TCP,61,7,2,32754,3389,0,112,116.03,Port Scan,1
6.053,TCP,1421,6385,35,29302,443,0,3,9.33,Normal,0
0.278,UDP,339,2674,23,33936,8080,0,4,12.17,Normal,0
0.716,TCP,447,379,13,4508,445,26,38,28.18,Brute Force,1
0.289,TCP,104,18,3,33205,80,0,58,83.73,Port Scan,1
2.968,TCP,613,5438,33,43533,8080,0,4,8.01,Normal,0
0.625,TCP,1634,4102,31,28719,443,0,1,13.21,Normal,0
9.944,TCP,4170,2450,82,27415,80,2,40,40.73,Bot Activity,1
0.692,TCP,1564,6330,23,39956,53,0,9,8.15,Normal,0
6.681,TCP,4116,5987,68,33374,8080,2,31,71.35,Bot Activity,1
3.723,UDP,820,3932,28,29439,80,0,4,3.85,Normal,0
0.892,UDP,2069,6607,26,43383,443,0,1,8.43,Normal,0
4.437,TCP,1518,3516,15,15415,80,0,7,1.01,Normal,0
0.087,UDP,116,48,3,38722,21,2,119,250.75,Port Scan,1
0.676,TCP,943,4290,11,5340,80,0,3,12.74,Normal,0
1.218,TCP,1081,5574,8,58867,8080,0,9,3.84,Normal,0
2.626,UDP,790,3927,27,7664,443,0,4,10.15,Normal,0
0.249,TCP,76,16,1,38790,445,0,198,255.22,Port Scan,1
0.703,TCP,1070,1252,31,14506,443,0,4,11.09,Normal,0
1.216,TCP,928,1659,24,23807,53,0,12,1.98,Normal,0
0.449,TCP,961,3861,19,19897,80,0,4,4.98,Normal,0
0.031,TCP,810,11,497,34005,53,0,882,701.32,DoS,1
0.087,UDP,349,30,654,41796,443,0,279,1892.11,DoS,1
0.094,TCP,478,17,238,49462,443,0,544,2461.17,DoS,1
0.451,TCP,68,45,3,52542,21,2,185,161.01,Port Scan,1
0.078,TCP,1399,15,917,12181,443,0,692,2168.44,DoS,1
0.27,ICMP,1576,3830,33,45684,80,0,9,10.59,Normal,0
1.429,TCP,1361,5539,25,22793,8080,0,11,11.94,Normal,0
3.195,TCP,1270,2542,30,1859,8080,0,1,2.76,Normal,0
4.235,TCP,1189,7583,24,2389,443,0,1,12.39,Normal,0
1.468,TCP,1526,4026,19,58779,80,0,8,2.85,Normal,0
3.793,TCP,1533,6205,26,50849,80,0,3,5.18,Normal,0
1.315,TCP,1419,5605,25,64564,8080,0,6,2.25,Normal,0
4.66,TCP,289,2780,20,33026,443,0,1,4.44,Normal,0
2.479,TCP,1299,3571,34,3985,80,0,4,8.36,Normal,0
0.123,UDP,569,3390,17,20073,443,0,4,6.49,Normal,0
4.126,TCP,1201,6952,15,11989,443,0,7,9.14,Normal,0
0.093,UDP,1108,17,990,7578,443,0,394,723.52,DoS,1
2.716,ICMP,19172,24377,73,53708,48247,2,100,111.9,Suspicious Traffic,1
0.376,TCP,102,40,3,46078,3389,0,148,108.91,Port Scan,1
0.339,TCP,1194,4616,27,36788,53,0,1,5.89,Normal,0
1.471,UDP,1938,1881,36,17640,53,0,1,10.17,Normal,0
0.908,TCP,1280,6607,30,55272,53,0,5,9.48,Normal,0
0.052,TCP,1061,59,857,22896,53,0,358,1292.22,DoS,1
2.219,TCP,1498,3333,32,51784,8080,0,6,14.06,Normal,0
5.008,TCP,1569,2937,17,45968,80,0,9,11.05,Normal,0
0.929,TCP,638,114,13,27915,21,24,78,95.36,Brute Force,1
1.548,UDP,1273,4507,20,44237,443,0,5,6.63,Normal,0
0.423,UDP,105,78,2,48926,8080,0,144,67.69,Port Scan,1
11.499,UDP,12330,10071,105,24579,13521,8,26,173.11,Suspicious Traffic,1
3.6,TCP,1389,6049,16,49807,80,0,1,13.96,Normal,0
0.985,TCP,1990,3408,34,63599,8080,0,2,7.7,Normal,0
0.017,UDP,1403,47,465,64296,443,0,384,745.92,DoS,1
0.485,UDP,1437,4247,48,58509,8080,0,1,11.47,Normal,0
9.776,UDP,1274,5154,1,58440,443,0,4,14.38,Normal,0
1.923,ICMP,1159,2610,28,45528,53,0,4,7.8,Normal,0
0.727,TCP,1462,7307,27,26651,8080,0,5,9.27,Normal,0
0.915,ICMP,1129,3416,29,19129,53,0,5,8.02,Normal,0
0.011,UDP,517,50,500,39004,53,0,580,661.96,DoS,1
0.311,TCP,1053,3264,17,47020,53,0,2,3.08,Normal,0
1.821,UDP,585,4829,16,9083,8080,0,8,11.59,Normal,0
1.902,TCP,1238,5534,25,38161,53,0,5,10.19,Normal,0
0.413,TCP,78,54,2,46348,22,1,70,91.78,Port Scan,1
0.322,TCP,65,50,3,34922,1433,0,133,256.17,Port Scan,1
2.22,TCP,1384,5271,14,64376,53,0,4,10.25,Normal,0
6.398,TCP,736,4136,20,44561,443,0,10,8.77,Normal,0
5.784,TCP,2568,3324,83,19916,80,3,26,96.36,Bot Activity,1
3.098,ICMP,1579,3171,44,53439,53,1,2,6.69,Normal,0
0.175,UDP,79,56,1,39273,443,0,127,68.53,Port Scan,1
0.409,UDP,53,58,2,40021,80,1,192,166.0,Port Scan,1
3.266,TCP,1208,4911,20,29226,53,0,10,5.99,Normal,0
0.494,UDP,47,33,3,38238,22,0,144,157.54,Port Scan,1
0.688,TCP,262,4967,10,23976,53,0,4,5.9,Normal,0
5.837,TCP,1139,27492,47,33923,43603,7,84,244.21,Suspicious Traffic,1
1.584,TCP,1377,3773,29,63842,443,0,7,10.2,Normal,0
2.666,UDP,1057,3668,29,47765,53,0,3,10.52,Normal,0
4.473,UDP,1950,4624,18,49066,443,0,1,6.87,Normal,0
0.643,TCP,546,229,8,61204,22,28,37,49.63,Brute Force,1
0.046,TCP,78,39,2,31053,445,0,81,170.97,Port Scan,1
0.032,TCP,63,62,2,38150,8080,2,156,118.58,Port Scan,1
5.422,TCP,1165,4040,25,28718,8080,0,3,6.62,Normal,0
0.477,UDP,81,22,3,38560,53,1,70,60.15,Port Scan,1
1.977,TCP,1734,4139,37,40152,53,0,8,4.67,Normal,0
1.598,TCP,980,6485,24,29586,53,0,8,12.49,Normal,0
1.385,ICMP,1669,3743,45,10146,443,0,1,9.52,Normal,0
3.083,TCP,1151,4994,16,28308,443,0,1,14.12,Normal,0
1.526,TCP,1121,5164,28,6634,53,0,1,7.88,Normal,0
1.945,TCP,1340,460,11,42202,8080,0,1,5.6,Normal,0
9.821,TCP,4906,6228,36,25664,443,1,28,95.21,Bot Activity,1
2.496,TCP,1558,5146,20,7319,443,0,4,14.87,Normal,0
0.635,TCP,1686,7238,22,46515,53,0,6,10.22,Normal,0
0.037,TCP,431,52,516,45927,53,0,772,2125.75,DoS,1
0.683,TCP,1547,3014,25,24457,8080,0,1,4.43,Normal,0
3.566,TCP,1718,3172,16,31600,8080,0,5,11.61,Normal,0
1.316,TCP,1924,5067,30,31255,80,0,4,9.64,Normal,0
5.557,TCP,1090,4461,21,2756,8080,0,5,5.05,Normal,0
2.397,TCP,2591,7594,50,10238,8080,0,44,46.17,Bot Activity,1
4.488,ICMP,18941,18007,33,60456,19818,8,129,97.44,Suspicious Traffic,1
4.133,UDP,915,5310,38,52577,443,0,3,13.7,Normal,0
7.918,ICMP,6835,4403,106,25477,8342,2,146,10.81,Suspicious Traffic,1
6.763,TCP,1496,3173,23,41715,53,0,10,14.26,Normal,0
6.217,UDP,1666,3748,24,56409,8080,0,7,6.96,Normal,0
0.741,TCP,1150,3115,31,44939,80,0,5,11.35,Normal,0
0.161,TCP,111,75,3,46974,445,0,136,210.81,Port Scan,1
12.303,TCP,1166,2246,30,56022,80,0,4,7.16,Normal,0
2.558,TCP,1515,5630,31,18731,80,0,4,9.11,Normal,0
0.463,UDP,93,34,1,39521,445,2,94,179.81,Port Scan,1
0.01,TCP,110,70,2,58321,80,0,147,84.46,Port Scan,1
0.346,TCP,1571,3734,16,8983,80,0,4,3.5,Normal,0
2.342,TCP,1735,706,31,34858,443,0,3,3.26,Normal,0
0.527,TCP,1054,5431,19,64416,8080,0,9,9.9,Normal,0
0.085,TCP,1277,28,415,59683,53,0,737,2875.52,DoS,1
3.753,TCP,1574,4049,17,42946,443,0,5,8.11,Normal,0
0.682,TCP,383,233,17,21399,22,33,26,68.12,Brute Force,1
1.138,UDP,1366,3716,30,53821,8080,0,8,4.21,Normal,0
1.296,TCP,2281,2220,87,14178,80,2,57,95.78,Bot Activity,1
6.802,TCP,636,3209,34,5425,80,0,3,4.59,Normal,0
3.093,TCP,1631,3359,13,58690,80,0,4,10.27,Normal,0
0.949,TCP,1204,3955,35,17225,443,0,2,13.38,Normal,0
0.613,TCP,648,3140,16,2640,8080,0,2,2.87,Normal,0
2.433,TCP,593,1908,35,61714,80,0,1,2.13,Normal,0
0.013,UDP,482,20,226,32726,80,0,717,2487.49,DoS,1
3.984,TCP,3674,4489,63,54782,80,0,41,107.17,Bot Activity,1
0.049,TCP,1265,63,439,56188,53,0,939,2958.65,DoS,1
3.249,TCP,902,5217,19,18082,8080,0,4,9.59,Normal,0
0.056,TCP,1400,8,894,41471,80,0,771,2090.92,DoS,1
0.451,TCP,1326,2493,44,29359,443,0,3,14.75,Normal,0
2.497,UDP,1297,2128,17,13136,443,0,3,14.13,Normal,0
0.062,TCP,1142,10,948,44112,80,0,548,2037.79,DoS,1
1.711,UDP,1682,4458,20,12216,443,0,5,9.5,Normal,0
1.299,TCP,1165,3439,28,20032,53,0,4,10.44,Normal,0
3.612,UDP,877,4444,23,63880,8080,0,5,12.87,Normal,0
2.642,UDP,1159,3895,35,19059,8080,0,5,11.05,Normal,0
0.009,TCP,1088,25,533,53444,80,0,683,2964.85,DoS,1
0.388,UDP,1184,3929,18,31431,8080,0,6,3.62,Normal,0
0.506,TCP,953,3485,29,10735,80,0,5,13.79,Normal,0
0.054,TCP,1077,24,800,8897,53,0,212,1823.85,DoS,1
0.816,TCP,1088,4643,23,26546,80,0,6,13.84,Normal,0
2.743,ICMP,1089,4871,42,3258,8080,1,4,10.25,Normal,0
2.052,TCP,1985,4714,54,60469,53,0,1,14.17,Normal,0
3.623,TCP,1418,4176,29,31689,8080,0,5,14.92,Normal,0
10.309,TCP,1459,4150,2,65365,443,0,7,2.03,Normal,0
0.914,TCP,605,3167,23,57113,443,0,4,4.99,Normal,0
2.613,TCP,941,5808,36,47308,8080,0,10,11.4,Normal,0
0.036,UDP,1215,44,929,12460,53,0,595,2506.6,DoS,1
0.056,TCP,1238,54,459,10947,443,0,383,2945.37,DoS,1
1.915,UDP,1643,4061,33,44012,53,0,4,8.96,Normal,0
1.012,TCP,1561,4746,33,57298,443,0,6,11.77,Normal,0
0.676,TCP,1066,2942,30,51003,53,0,11,10.51,Normal,0
0.674,TCP,743,5014,11,5495,8080,0,3,10.28,Normal,0
1.3,TCP,1143,2292,19,31941,443,0,3,10.91,Normal,0
0.008,UDP,774,52,479,61803,53,0,204,2206.99,DoS,1
1.092,TCP,584,136,10,51841,3389,11,25,94.37,Brute Force,1
2.692,TCP,970,3965,24,9506,53,0,1,12.67,Normal,0
0.801,TCP,713,7286,18,39083,53,0,6,9.2,Normal,0
2.219,TCP,985,4425,26,55412,8080,0,4,14.32,Normal,0
0.616,TCP,327,113,7,2959,21,7,67,66.38,Brute Force,1
0.287,TCP,1234,2042,28,16209,80,0,3,12.35,Normal,0
1.102,TCP,508,4711,34,33755,8080,0,1,9.12,Normal,0
4.779,TCP,1674,3310,31,16198,443,0,5,9.23,Normal,0
3.152,TCP,871,6057,22,58746,443,0,4,12.81,Normal,0
1.542,TCP,3723,7764,66,26196,443,2,20,55.81,Bot Activity,1
10.03,UDP,1186,6026,34,61473,80,0,7,8.96,Normal,0
0.017,TCP,500,5,154,17440,80,0,535,1001.26,DoS,1
0.738,TCP,480,185,12,3477,22,33,58,40.89,Brute Force,1
9.32,TCP,639,2221,14,29961,53,0,7,8.83,Normal,0
0.787,UDP,607,3305,32,56119,80,0,8,13.89,Normal,0
0.071,TCP,775,60,120,22072,80,0,835,1129.53,DoS,1
0.761,TCP,1929,4767,38,46816,8080,0,5,12.83,Normal,0
1.639,TCP,1565,4785,10,42797,443,0,1,11.93,Normal,0
1.013,TCP,1461,4322,25,33209,8080,0,6,8.55,Normal,0
0.234,TCP,55,59,3,54318,22,0,173,203.41,Port Scan,1
2.739,TCP,1477,3798,23,29471,443,0,5,13.99,Normal,0
0.412,TCP,954,2427,24,2613,80,0,5,6.12,Normal,0
0.158,TCP,94,34,1,59271,80,1,86,139.05,Port Scan,1
2.948,TCP,1853,6912,31,24589,8080,0,4,14.38,Normal,0
0.286,TCP,1171,2470,30,57680,80,0,2,2.13,Normal,0
2.758,TCP,3812,7501,44,45744,8080,2,32,116.65,Bot Activity,1
3.227,ICMP,2657,26700,119,63791,59703,8,31,161.73,Suspicious Traffic,1
4.013,TCP,1265,3966,26,48753,8080,0,5,7.86,Normal,0
0.134,TCP,350,4001,41,14622,8080,0,6,10.81,Normal,0
2.301,TCP,1310,3949,35,24387,443,0,7,3.13,Normal,0
0.014,UDP,570,6,358,29787,443,0,345,1726.67,DoS,1
3.951,TCP,3642,7350,67,42015,443,1,59,50.93,Bot Activity,1
4.083,TCP,780,5862,19,58301,80,0,2,14.54,Normal,0
0.022,TCP,586,37,880,9360,53,0,972,2377.88,DoS,1
0.484,TCP,1578,7985,20,20569,80,0,7,1.56,Normal,0
8.799,UDP,311,3802,35,16135,80,0,1,8.43,Normal,0
0.291,TCP,51,20,3,37340,53,1,69,51.92,Port Scan,1
0.241,TCP,975,5764,29,61467,53,0,7,2.75,Normal,0
0.511,TCP,1075,2945,18,24480,80,0,5,3.15,Normal,0
1.651,UDP,988,2876,6,11370,53,0,4,9.76,Normal,0
3.8,TCP,1289,3410,6,38731,443,0,7,1.16,Normal,0
1.401,TCP,1869,5416,28,62092,53,0,7,10.65,Normal,0
10.682,TCP,959,3934,15,4737,80,0,4,4.78,Normal,0
8.001,ICMP,938,6658,27,62427,53,0,7,3.83,Normal,0
6.256,TCP,1151,1669,23,3140,53,0,8,10.28,Normal,0
1.847,TCP,1417,4031,49,14165,53,0,3,10.12,Normal,0
0.145,UDP,898,2337,14,4917,443,0,7,11.26,Normal,0
4.955,TCP,1404,3815,16,54552,53,0,1,12.11,Normal,0
1.557,TCP,933,5327,21,44497,80,0,8,3.6,Normal,0
0.726,TCP,1410,3939,29,5803,80,0,2,2.5,Normal,0
3.391,TCP,913,3978,35,5662,8080,0,7,8.95,Normal,0
0.33,TCP,76,30,3,32640,1433,2,111,174.13,Port Scan,1
0.835,TCP,557,304,6,32401,21,29,43,69.6,Brute Force,1
7.831,TCP,1224,4675,27,18753,80,0,6,8.96,Normal,0
0.961,TCP,981,2515,22,33569,443,0,2,12.67,Normal,0
0.065,TCP,409,17,550,29304,443,0,981,772.96,DoS,1
2.966,TCP,1170,4843,26,20909,443,1,7,1.06,Normal,0
0.154,TCP,1486,7852,12,4652,80,0,3,1.88,Normal,0
1.183,TCP,1644,5692,25,54198,443,0,6,3.32,Normal,0
9.822,TCP,4732,7229,34,57405,443,2,57,81.95,Bot Activity,1
0.827,TCP,444,276,16,45716,22,7,54,28.42,Brute Force,1
0.014,TCP,41,62,1,31708,8080,0,193,296.31,Port Scan,1
2.158,TCP,1514,4367,33,51204,8080,0,7,4.77,Normal,0
1.771,TCP,998,3683,16,29187,8080,0,2,7.38,Normal,0
1.024,UDP,1776,4899,7,8599,8080,0,1,5.96,Normal,0
4.332,TCP,743,4896,7,41372,53,0,5,4.53,Normal,0
0.519,TCP,525,352,7,23512,445,19,36,23.83,Brute Force,1
0.431,UDP,1311,4033,24,61191,80,0,2,6.38,Normal,0
1.929,TCP,574,4648,27,7053,80,0,9,3.66,Normal,0
1.206,TCP,1337,4789,39,50011,80,0,2,9.89,Normal,0
0.27,TCP,1482,1423,28,2001,443,0,3,12.03,Normal,0
0.582,TCP,1220,4675,22,6045,80,0,2,13.82,Normal,0
0.498,UDP,1136,1187,40,12860,53,1,3,4.05,Normal,0
3.512,UDP,972,2793,25,23940,443,0,4,4.93,Normal,0
1.482,UDP,1118,5505,9,9526,8080,0,4,1.96,Normal,0
0.402,UDP,110,74,3,32516,443,0,196,144.88,Port Scan,1
0.045,TCP,80,3,704,17422,53,0,950,1061.0,DoS,1
0.702,TCP,981,4081,26,14516,8080,0,4,13.46,Normal,0
14.536,TCP,1547,6508,23,54333,53,0,3,14.32,Normal,0
0.581,ICMP,1174,3677,24,57304,443,0,6,2.21,Normal,0
0.88,TCP,589,366,16,20863,3389,32,21,37.83,Brute Force,1
0.464,TCP,65,70,2,39590,21,0,121,160.57,Port Scan,1
0.047,TCP,1273,63,683,35552,443,0,400,1097.04,DoS,1
0.301,UDP,1185,3114,33,21921,80,0,6,3.4,Normal,0
0.824,TCP,1498,1978,24,60035,8080,0,4,3.62,Normal,0
6.245,TCP,4538,3174,78,41779,443,1,22,99.71,Bot Activity,1
1.195,TCP,690,143,9,19360,22,23,50,86.18,Brute Force,1
0.059,TCP,69,20,3,34493,1433,1,184,281.99,Port Scan,1
2.668,TCP,1568,6138,30,16133,53,0,5,8.17,Normal,0
0.31,TCP,543,3716,25,14837,80,0,5,5.17,Normal,0
1.034,TCP,1275,5538,21,54527,443,1,3,7.31,Normal,0
0.894,UDP,415,4813,36,16432,8080,0,5,7.42,Normal,0
7.061,TCP,852,6860,20,30762,80,1,3,1.61,Normal,0
0.673,TCP,2022,5198,22,55834,80,0,2,13.38,Normal,0
0.44,TCP,1481,2925,27,39575,8080,0,6,12.81,Normal,0
0.116,TCP,362,227,7,64273,22,30,44,67.52,Brute Force,1
2.195,TCP,1234,6000,31,4938,53,0,5,11.7,Normal,0
1.72,TCP,1616,3439,19,26186,8080,1,3,4.07,Normal,0
0.311,TCP,95,25,3,44549,80,1,191,294.82,Port Scan,1
0.473,TCP,83,24,1,42429,22,1,110,270.94,Port Scan,1
0.899,TCP,1650,5090,35,44273,8080,0,1,2.38,Normal,0
9.866,TCP,4261,4724,59,44305,443,1,28,79.86,Bot Activity,1
12.136,TCP,1269,4999,15,3076,53,0,2,14.94,Normal,0
0.375,TCP,333,309,9,60666,3389,6,68,26.68,Brute Force,1
1.535,TCP,1593,1708,21,61494,53,0,7,7.52,Normal,0
0.456,TCP,40,52,1,54813,80,2,162,127.38,Port Scan,1
2.783,TCP,2008,6490,19,23369,8080,0,9,5.59,Normal,0
0.131,TCP,742,232,12,52314,22,30,34,78.92,Brute Force,1
0.086,TCP,1013,14,660,53938,80,0,909,602.23,DoS,1
12.493,ICMP,15054,24526,65,37285,25436,3,95,90.86,Suspicious Traffic,1
13.552,ICMP,5945,8231,137,63446,47271,2,77,195.18,Suspicious Traffic,1
3.186,TCP,2004,5078,27,62135,53,0,2,9.37,Normal,0
1.394,UDP,2083,3584,27,62496,8080,0,5,5.55,Normal,0
2.641,TCP,1161,5454,32,48159,53,0,4,2.66,Normal,0
2.988,TCP,657,3607,16,26013,8080,0,7,7.41,Normal,0
1.107,TCP,661,228,12,61623,21,22,63,43.35,Brute Force,1
10.58,UDP,1732,822,24,9667,80,0,12,6.76,Normal,0
0.563,ICMP,1279,3291,23,45759,53,0,6,4.53,Normal,0
8.216,TCP,3792,5671,51,17404,8080,1,47,37.7,Bot Activity,1
1.046,TCP,1318,5465,36,20412,53,0,3,5.52,Normal,0
11.833,TCP,18354,10736,95,3555,40341,7,56,194.76,Suspicious Traffic,1
1.974,TCP,702,3783,35,18999,53,0,2,9.47,Normal,0
0.406,TCP,111,24,2,51398,80,2,122,222.94,Port Scan,1
5.704,TCP,1324,5751,17,9171,53,0,12,3.17,Normal,0
0.006,TCP,221,6,451,22061,443,0,328,1953.46,DoS,1
5.445,TCP,769,3284,21,56572,443,0,9,8.73,Normal,0
0.526,TCP,1041,5431,30,2156,8080,1,4,1.4,Normal,0
0.797,TCP,1074,2061,25,3450,53,0,2,5.33,Normal,0
3.598,TCP,1749,5115,21,56358,443,0,1,8.42,Normal,0
3.268,UDP,1058,4695,34,39007,80,0,1,8.11,Normal,0
9.961,ICMP,430,2268,18,41023,53,0,5,6.93,Normal,0
1.198,TCP,597,382,17,29889,21,25,60,37.06,Brute Force,1
0.304,TCP,1025,1645,58,17933,53,0,1,2.88,Normal,0
0.483,TCP,315,302,15,33460,21,12,39,90.96,Brute Force,1
7.516,UDP,1273,4752,34,15929,443,0,3,4.53,Normal,0
2.917,TCP,646,3082,25,41522,80,0,8,10.05,Normal,0
6.71,TCP,1223,4540,50,43924,80,0,13,2.64,Normal,0
4.884,TCP,1296,5405,38,34233,8080,0,1,3.11,Normal,0
0.944,TCP,1110,5556,12,3774,443,0,5,11.3,Normal,0
1.549,UDP,1324,5644,26,47853,53,0,7,12.58,Normal,0
0.327,ICMP,996,3471,20,2081,53,0,2,5.05,Normal,0
14.209,TCP,1026,4986,25,3956,443,0,4,13.23,Normal,0
1.145,TCP,1096,5183,34,6102,8080,0,4,8.74,Normal,0
9.338,TCP,3115,5494,43,6100,80,3,27,101.58,Bot Activity,1
1.039,TCP,574,5050,20,14397,53,0,3,4.52,Normal,0
1.319,TCP,1785,4775,28,55363,8080,0,5,2.39,Normal,0
0.656,TCP,560,255,9,28974,3389,27,57,30.47,Brute Force,1
0.916,UDP,2157,6172,9,10401,80,0,8,3.54,Normal,0
7.798,TCP,3288,4260,58,52678,443,0,26,56.31,Bot Activity,1
0.774,TCP,1351,4882,31,22978,8080,0,6,8.0,Normal,0
0.048,TCP,107,66,3,39635,80,1,76,140.64,Port Scan,1
4.316,UDP,902,5958,20,11531,53,1,5,2.5,Normal,0
0.225,UDP,1090,1434,21,61993,443,0,8,7.03,Normal,0
1.184,TCP,396,7590,30,2698,80,0,7,13.34,Normal,0
0.477,TCP,110,68,2,46737,1433,1,53,130.55,Port Scan,1
5.051,TCP,2444,4858,47,52370,8080,1,53,101.53,Bot Activity,1
1.124,TCP,537,3702,17,47741,53,0,3,12.57,Normal,0
1.132,TCP,414,3210,34,25852,80,0,7,1.54,Normal,0
5.975,UDP,749,3939,33,10860,8080,0,1,14.24,Normal,0
0.167,TCP,1136,5250,26,43571,80,0,6,3.66,Normal,0
0.585,TCP,748,7909,29,63849,443,0,4,3.99,Normal,0
0.241,TCP,1375,2551,12,38671,8080,0,5,3.16,Normal,0
5.035,TCP,1864,4095,31,8970,80,0,1,7.63,Normal,0
2.689,TCP,534,5611,19,44226,8080,0,6,2.33,Normal,0
2.701,UDP,1194,4940,20,13806,53,0,1,10.02,Normal,0
2.614,UDP,1354,4498,2,22565,443,0,1,13.64,Normal,0
1.453,TCP,1462,1154,21,65084,53,0,4,12.79,Normal,0
0.349,UDP,1874,3275,21,21656,80,0,7,4.66,Normal,0
2.436,TCP,626,6078,12,30189,8080,0,2,6.86,Normal,0
1.063,UDP,807,4473,24,24092,80,0,7,8.8,Normal,0
1.114,UDP,1276,2974,35,43841,8080,0,10,9.14,Normal,0
2.863,ICMP,1109,3643,9,30448,8080,0,4,11.37,Normal,0
0.068,TCP,85,29,1,34105,1433,1,114,168.83,Port Scan,1
0.65,UDP,1221,5268,30,17077,8080,0,3,14.83,Normal,0
0.174,TCP,58,12,1,49842,53,0,194,210.81,Port Scan,1
1.774,TCP,547,6136,18,53182,53,0,2,10.45,Normal,0
1.9,UDP,999,7613,29,8755,80,0,4,12.95,Normal,0
6.746,TCP,975,5726,22,34122,443,0,1,13.56,Normal,0
1.164,TCP,570,253,6,42485,21,6,46,59.85,Brute Force,1
1.499,UDP,14252,24857,78,59999,11791,9,92,190.84,Suspicious Traffic,1
3.684,UDP,1932,1860,44,58461,8080,1,3,11.98,Normal,0
2.319,ICMP,664,5293,33,8941,8080,0,6,2.57,Normal,0
0.092,TCP,1356,60,133,37369,53,0,435,1432.77,DoS,1
3.657,TCP,1238,1498,45,61981,8080,0,9,6.24,Normal,0
0.24,TCP,1085,5284,26,9308,80,0,2,2.05,Normal,0
2.529,TCP,1180,3639,40,2593,443,0,1,11.33,Normal,0
1.518,UDP,2112,833,35,9700,8080,0,5,12.76,Normal,0
0.544,TCP,1246,4418,17,24248,443,0,3,13.59,Normal,0
0.854,TCP,523,5899,10,37524,443,0,4,9.04,Normal,0
4.83,TCP,2045,2566,18,8825,53,0,7,10.59,Normal,0
4.413,ICMP,1241,985,34,59899,53,0,4,1.14,Normal,0
0.33,TCP,70,17,1,53664,80,1,130,126.71,Port Scan,1
1.862,UDP,1708,5280,41,5858,53,0,7,7.05,Normal,0
0.051,UDP,817,20,308,60706,443,0,259,2295.44,DoS,1
1.332,UDP,844,4719,18,42367,8080,0,7,8.74,Normal,0
0.78,TCP,1138,4333,35,29578,53,0,4,8.69,Normal,0
0.087,TCP,61,40,3,54033,22,0,121,62.75,Port Scan,1
2.578,UDP,1130,4215,25,48453,80,0,4,5.98,Normal,0
1.516,TCP,904,5729,22,1535,53,0,10,9.56,Normal,0
5.617,TCP,1626,5412,4,30747,8080,0,6,14.69,Normal,0
7.523,TCP,795,4035,31,12606,53,0,1,6.58,Normal,0
0.051,UDP,921,40,307,7375,80,0,498,626.57,DoS,1
1.637,UDP,1079,2406,29,20512,8080,0,1,12.87,Normal,0
1.139,TCP,785,331,9,37995,445,18,73,66.86,Brute Force,1
0.573,UDP,727,4545,48,19719,53,0,6,14.99,Normal,0
2.477,TCP,1458,5516,27,50655,443,0,6,8.09,Normal,0
3.145,TCP,2117,6156,27,3773,443,0,5,11.54,Normal,0
1.672,TCP,1274,3437,35,19260,53,0,8,11.68,Normal,0
4.197,ICMP,146,4092,37,19689,443,0,3,9.91,Normal,0
6.791,TCP,1335,5864,35,18971,8080,0,6,7.92,Normal,0
0.055,ICMP,1011,23,787,59047,80,0,607,2515.06,DoS,1
0.062,UDP,643,3,696,19930,443,0,811,682.0,DoS,1
0.803,TCP,358,261,7,40750,22,6,72,31.7,Brute Force,1
0.028,ICMP,1062,25,352,61614,80,0,388,2201.98,DoS,1
0.076,UDP,1186,62,782,44700,443,0,368,2479.0,DoS,1
13.782,TCP,800,3310,17,10265,80,0,5,14.35,Normal,0
0.975,TCP,1007,2233,11,55995,443,1,2,1.57,Normal,0
3.866,TCP,792,2861,6,60173,80,0,6,9.83,Normal,0
1.097,UDP,19596,23892,69,36403,35253,8,42,132.88,Suspicious Traffic,1
0.31,TCP,67,65,1,30218,445,0,104,225.56,Port Scan,1
0.19,TCP,95,4,1,30844,3389,1,74,71.72,Port Scan,1
4.456,UDP,1200,4843,18,14338,53,0,5,9.36,Normal,0
0.679,TCP,826,4710,19,38456,8080,0,6,8.69,Normal,0
5.009,TCP,1466,3139,25,35162,443,0,4,7.86,Normal,0
2.099,TCP,1682,5998,28,20354,80,0,5,10.17,Normal,0
4.914,UDP,1114,2524,32,61264,80,0,6,14.95,Normal,0
1.295,TCP,1267,3653,34,29353,8080,0,2,2.34,Normal,0
4.847,UDP,1379,1729,26,57681,443,0,6,13.34,Normal,0
1.253,UDP,1209,3647,37,48973,80,0,1,3.27,Normal,0
0.496,TCP,61,36,1,54388,21,1,130,114.19,Port Scan,1
2.453,UDP,1498,2827,15,48693,80,0,5,8.92,Normal,0
0.303,TCP,48,68,1,39047,445,0,138,104.5,Port Scan,1
1.893,UDP,1865,3377,30,42353,80,0,1,4.74,Normal,0
0.089,TCP,990,56,557,21656,80,0,776,2502.14,DoS,1
0.052,ICMP,967,9,651,29426,80,0,438,1430.21,DoS,1
1.171,TCP,734,197,11,62128,3389,15,23,83.77,Brute Force,1
0.379,TCP,399,362,12,13502,22,13,73,51.1,Brute Force,1
0.896,TCP,1139,3386,39,63230,80,0,4,4.54,Normal,0
0.136,UDP,751,5816,34,39451,8080,0,1,8.08,Normal,0
0.156,TCP,100,32,1,36411,53,2,134,221.96,Port Scan,1
0.021,UDP,1127,12,525,31834,80,0,571,2598.36,DoS,1
0.355,TCP,416,317,14,32777,21,19,44,83.69,Brute Force,1
10.891,UDP,18191,10150,7,49099,32554,7,148,19.97,Suspicious Traffic,1
1.884,TCP,614,4960,4,19545,443,0,1,11.82,Normal,0
2.826,TCP,4970,7641,36,58425,80,2,40,109.71,Bot Activity,1
8.73,TCP,2910,5820,57,63338,8080,1,26,72.53,Bot Activity,1
1.028,TCP,779,187,13,57199,21,9,29,33.35,Brute Force,1
0.873,TCP,553,191,11,1234,445,13,35,93.28,Brute Force,1
1.945,TCP,1411,3527,30,5433,8080,0,4,10.27,Normal,0
6.274,TCP,659,3787,28,14692,443,1,3,2.79,Normal,0
1.416,TCP,1508,3742,31,46112,53,0,3,12.9,Normal,0
4.244,UDP,1211,6112,27,42379,443,0,4,12.06,Normal,0
7.109,UDP,1538,4661,27,32759,443,0,2,11.24,Normal,0
1.9,TCP,441,7357,31,56120,443,0,3,6.35,Normal,0
0.397,TCP,54,9,1,46063,8080,0,170,243.19,Port Scan,1
0.076,TCP,617,0,132,40205,443,0,582,1400.01,DoS,1
0.271,TCP,1151,3459,12,36638,8080,0,3,5.37,Normal,0
1.079,TCP,1195,5440,39,15372,80,0,5,10.74,Normal,0
0.164,UDP,1306,3003,25,59798,53,0,7,5.0,Normal,0
0.168,TCP,581,8017,18,30330,53,0,2,14.42,Normal,0
1.229,TCP,1324,2880,37,28868,80,0,1,12.93,Normal,0
0.305,TCP,1476,304,24,63698,53,0,5,2.09,Normal,0
0.455,TCP,63,21,2,43044,22,2,158,126.8,Port Scan,1
0.629,TCP,1231,5586,14,51729,8080,0,8,7.5,Normal,0
0.903,ICMP,1576,4655,42,57648,8080,0,7,1.41,Normal,0
3.294,TCP,967,4874,18,46062,443,1,5,9.21,Normal,0
0.467,TCP,43,62,1,37048,8080,4,179,179.77,Port Scan,1
7.254,TCP,715,5250,26,5009,53,0,2,8.76,Normal,0
1.034,TCP,974,6256,26,21840,8080,0,6,5.82,Normal,0
4.154,ICMP,1180,4952,22,29988,8080,0,3,5.34,Normal,0
1.96,TCP,856,2504,24,60817,80,0,1,6.95,Normal,0
0.943,TCP,1379,3363,32,48747,443,0,1,9.46,Normal,0
0.009,TCP,1347,21,500,54667,80,0,268,2376.68,DoS,1
2.592,TCP,1574,1840,5,21243,8080,0,9,4.9,Normal,0
0.877,TCP,1455,5917,26,38544,443,0,4,11.82,Normal,0
4.407,ICMP,1031,5275,14,52113,80,0,1,2.02,Normal,0
0.221,TCP,56,52,3,40803,22,1,66,90.24,Port Scan,1
4.757,UDP,661,6553,16,40671,80,0,8,4.07,Normal,0
0.926,TCP,741,272,16,2408,445,16,72,26.3,Brute Force,1
0.084,UDP,44,60,2,53092,3389,1,50,234.9,Port Scan,1
0.146,TCP,487,267,13,60808,3389,9,31,36.45,Brute Force,1
1.61,TCP,814,1858,14,51280,80,0,5,8.87,Normal,0
0.439,TCP,64,59,2,41865,1433,2,98,228.23,Port Scan,1
9.264,TCP,4930,2570,56,14029,80,1,32,50.17,Bot Activity,1
0.068,UDP,705,24,807,55953,53,0,621,2019.13,DoS,1
1.694,TCP,1255,4012,41,26946,443,0,8,3.76,Normal,0
1.963,UDP,1205,3469,30,11602,53,0,3,10.55,Normal,0
2.495,ICMP,474,4857,4,15155,443,0,8,4.0,Normal,0
6.643,TCP,1701,2356,86,3389,80,1,19,88.02,Bot Activity,1
3.986,TCP,754,3911,17,50512,80,0,3,1.34,Normal,0
4.614,UDP,1363,3191,26,52886,8080,1,2,6.24,Normal,0
0.283,TCP,42,54,1,30794,21,0,157,242.81,Port Scan,1
0.334,UDP,895,3946,23,42414,443,1,6,2.31,Normal,0
0.628,TCP,1147,7881,49,50171,80,0,5,13.22,Normal,0
2.388,TCP,1466,8530,25,25788,8080,0,3,10.93,Normal,0
0.383,TCP,998,7800,20,49556,53,0,7,6.11,Normal,0
1.641,TCP,839,3738,17,6040,80,0,4,11.31,Normal,0
0.176,TCP,1436,3568,16,47128,8080,1,3,10.95,Normal,0
3.457,TCP,2650,4106,81,49695,8080,1,58,88.31,Bot Activity,1
0.054,TCP,116,50,2,34975,443,1,61,52.92,Port Scan,1
11.901,TCP,2476,29937,20,49251,38548,3,20,229.93,Suspicious Traffic,1
3.102,TCP,1381,4501,30,52970,8080,0,3,10.45,Normal,0
14.044,TCP,2236,20448,47,40719,56316,8,62,160.23,Suspicious Traffic,1
2.658,UDP,1571,5842,23,21484,53,0,3,13.76,Normal,0
2.703,TCP,1119,4713,13,49749,80,0,2,6.18,Normal,0
3.591,UDP,1440,4476,32,31099,443,0,4,3.83,Normal,0
0.032,UDP,1463,59,848,64546,53,0,240,2019.42,DoS,1
0.041,UDP,262,11,679,38786,443,0,549,1045.63,DoS,1
2.512,UDP,1123,1721,42,25704,53,0,10,11.87,Normal,0
0.181,TCP,651,219,15,15590,445,6,20,73.32,Brute Force,1
0.009,TCP,962,12,685,37790,443,0,239,2764.2,DoS,1
1.135,TCP,509,110,10,32701,3389,11,33,81.41,Brute Force,1
0.472,TCP,1265,4511,14,60509,443,0,3,7.96,Normal,0
2.187,TCP,1421,4880,30,33598,8080,0,3,14.29,Normal,0
0.402,UDP,809,5524,46,51009,80,0,1,3.38,Normal,0
0.348,TCP,110,45,2,30815,8080,1,161,215.62,Port Scan,1
0.077,UDP,295,58,430,51566,80,0,971,1504.68,DoS,1
5.504,UDP,1297,5939,33,30325,53,0,4,10.32,Normal,0
1.933,TCP,1081,5303,30,8165,53,0,6,2.79,Normal,0
2.277,UDP,1730,4845,40,54088,80,0,8,1.39,Normal,0
3.328,UDP,2120,6114,16,12117,443,0,5,10.35,Normal,0
2.407,TCP,896,6152,11,33125,443,0,1,11.67,Normal,0
0.587,ICMP,802,4474,36,27448,8080,0,7,8.0,Normal,0
0.574,TCP,1052,2844,7,56052,443,0,10,9.31,Normal,0
1.056,TCP,889,3538,33,33361,53,0,6,11.09,Normal,0
1.02,UDP,990,4682,62,49555,53,0,7,12.72,Normal,0
0.094,UDP,1039,5,539,3417,443,0,918,1639.24,DoS,1
0.66,TCP,971,2410,12,46179,8080,0,1,2.28,Normal,0
0.07,UDP,934,25,840,18598,53,0,944,514.04,DoS,1
2.91,TCP,1303,5453,13,14736,8080,0,1,10.67,Normal,0
5.473,TCP,1982,2955,24,21538,443,0,2,5.24,Normal,0
1.856,UDP,1566,4151,26,47481,8080,0,8,13.44,Normal,0
0.406,TCP,385,190,8,57297,22,12,52,22.07,Brute Force,1
6.132,TCP,4560,6407,50,61398,80,2,50,71.53,Bot Activity,1
0.028,UDP,228,55,756,28923,53,0,322,553.34,DoS,1
2.912,TCP,539,5815,25,6104,8080,0,5,2.21,Normal,0
10.037,TCP,1364,4350,23,1917,443,0,4,4.87,Normal,0
0.599,TCP,1135,3123,28,8986,443,0,8,12.34,Normal,0
1.375,TCP,1744,2182,18,58024,80,1,5,1.87,Normal,0
3.789,TCP,727,5148,23,28824,8080,0,6,1.67,Normal,0
0.247,TCP,110,52,3,45964,22,1,166,62.66,Port Scan,1
0.8,TCP,583,195,7,50111,445,10,35,27.86,Brute Force,1
8.615,TCP,1036,7209,22,27200,80,0,6,6.56,Normal,0
2.911,TCP,1288,4040,29,29564,53,0,1,1.96,Normal,0
12.718,UDP,1291,2930,32,58711,53,0,1,7.59,Normal,0
1.047,TCP,1561,4463,15,41336,53,0,7,13.12,Normal,0
0.566,TCP,536,179,9,11900,21,18,72,39.48,Brute Force,1
0.89,UDP,719,4219,17,20043,443,0,2,5.39,Normal,0
4.516,TCP,804,6520,19,63414,53,0,1,8.47,Normal,0
0.063,UDP,220,5,216,17490,443,0,276,1940.91,DoS,1
0.113,TCP,259,2597,11,31360,443,0,9,11.02,Normal,0
0.05,TCP,813,38,862,61782,53,0,515,628.58,DoS,1
10.934,UDP,928,5313,22,48219,443,0,5,7.91,Normal,0
5.992,TCP,775,6055,14,47888,8080,1,2,9.95,Normal,0
0.617,TCP,829,5689,45,28307,443,0,6,14.19,Normal,0
0.563,TCP,722,232,7,5419,22,7,51,50.1,Brute Force,1
4.663,UDP,802,2683,33,21461,443,0,5,12.73,Normal,0
1.932,TCP,1316,4467,21,7175,8080,0,7,14.08,Normal,0
2.455,UDP,690,2501,37,5029,8080,0,4,2.41,Normal,0
2.928,TCP,1260,5471,37,5400,53,0,10,11.11,Normal,0
5.717,TCP,1710,6831,20,58915,443,0,2,13.35,Normal,0
0.007,TCP,1341,15,996,1950,80,0,405,2347.78,DoS,1
0.466,TCP,732,6385,12,19019,53,0,6,7.28,Normal,0
1.431,TCP,1957,3933,19,57916,8080,0,2,2.1,Normal,0
0.821,TCP,931,3427,17,21062,53,0,3,4.89,Normal,0
0.126,TCP,53,5,2,38347,1433,1,126,212.65,Port Scan,1
5.352,UDP,1134,3717,28,36481,443,0,5,12.27,Normal,0
0.919,UDP,2216,2200,16,11014,80,0,5,12.98,Normal,0
0.047,UDP,1011,12,201,19374,80,0,216,2782.2,DoS,1
0.324,TCP,2139,68,43,18256,80,0,7,10.36,Normal,0
2.679,TCP,366,2781,13,35255,8080,0,2,2.1,Normal,0
2.027,TCP,1219,5113,26,51617,53,0,7,3.66,Normal,0
13.337,UDP,7728,335,197,49342,57104,6,148,182.83,Suspicious Traffic,1
4.998,TCP,1832,4065,31,41387,8080,0,6,11.65,Normal,0
2.915,UDP,946,4954,14,1200,443,0,6,1.2,Normal,0
0.519,TCP,1327,2352,20,7010,443,0,2,12.89,Normal,0
0.034,UDP,905,14,778,32185,80,0,937,2148.09,DoS,1
0.324,TCP,696,2667,65,22215,80,0,1,7.6,Normal,0
0.382,TCP,871,4321,28,4445,443,0,1,7.97,Normal,0
0.325,TCP,789,7094,1,29840,8080,0,8,9.02,Normal,0
0.42,TCP,1123,3904,25,22461,53,0,8,1.39,Normal,0
6.397,UDP,1769,3349,28,8712,443,0,8,12.95,Normal,0
1.65,TCP,1391,2988,18,25752,8080,0,3,10.33,Normal,0
4.189,TCP,839,3840,38,24289,53,0,7,2.94,Normal,0
0.519,UDP,1008,3897,23,21798,80,0,3,9.35,Normal,0
1.619,UDP,904,6304,29,56218,443,0,3,9.03,Normal,0
9.176,TCP,3472,2419,31,62988,8080,2,46,82.61,Bot Activity,1
0.274,TCP,86,18,2,53309,22,0,146,133.08,Port Scan,1
0.464,TCP,87,26,1,48366,445,0,197,203.84,Port Scan,1
0.757,UDP,583,3192,18,33143,53,0,3,4.83,Normal,0
0.786,TCP,1634,1790,24,37587,8080,0,2,1.73,Normal,0
1.059,TCP,781,307,13,12691,22,23,48,80.14,Brute Force,1
0.339,TCP,1213,2441,8,57788,53,0,8,10.91,Normal,0
9.789,ICMP,1461,3345,36,51536,53,0,2,6.23,Normal,0
8.073,TCP,1507,6206,21,15035,443,0,1,3.0,Normal,0
0.097,UDP,1283,5,445,12756,53,0,464,1912.38,DoS,1
2.172,TCP,748,3458,20,1724,443,0,6,6.98,Normal,0
0.291,TCP,84,12,1,30183,53,1,179,137.62,Port Scan,1
0.847,UDP,909,7596,6,22550,80,0,8,7.52,Normal,0
1.422,TCP,983,3435,27,61043,53,0,7,14.42,Normal,0
1.384,UDP,1561,8288,43,1876,53,1,9,11.72,Normal,0
0.479,TCP,115,33,1,45687,8080,0,59,68.72,Port Scan,1
0.236,TCP,1224,2428,19,3903,53,0,8,13.75,Normal,0
4.304,TCP,957,4127,27,4775,80,0,4,9.5,Normal,0
1.812,TCP,347,3527,23,61814,8080,0,6,5.71,Normal,0
2.181,TCP,1405,6419,21,42459,8080,0,6,3.69,Normal,0
0.102,TCP,47,7,3,58669,1433,0,86,82.3,Port Scan,1
0.654,TCP,402,325,15,53940,22,21,42,75.03,Brute Force,1
0.485,TCP,586,5032,15,3528,53,1,2,10.79,Normal,0
4.395,TCP,1014,5381,23,59631,443,0,8,2.86,Normal,0
0.071,TCP,417,17,967,12618,80,0,908,1365.86,DoS,1
0.94,UDP,1015,3049,34,6452,8080,0,5,9.9,Normal,0
9.377,TCP,4014,3672,70,8851,80,0,29,99.42,Bot Activity,1
0.042,UDP,618,30,561,30082,53,0,753,2376.31,DoS,1
6.846,UDP,16203,5210,137,47594,4085,8,30,164.78,Suspicious Traffic,1
1.459,TCP,1541,5172,17,21618,80,0,2,8.68,Normal,0
2.2,TCP,764,2707,25,19209,443,0,8,7.54,Normal,0
0.65,UDP,1323,4524,7,49354,80,0,8,4.84,Normal,0
0.038,TCP,463,41,219,45064,443,0,273,1644.07,DoS,1
1.348,TCP,1089,822,22,59859,443,0,1,6.06,Normal,0
0.864,TCP,736,300,7,39484,3389,5,25,69.67,Brute Force,1
0.088,UDP,352,12,893,34863,80,0,290,2215.18,DoS,1
1.468,TCP,1094,6046,25,62664,8080,0,1,4.7,Normal,0
1.009,UDP,1167,5140,27,44784,80,0,3,6.27,Normal,0
1.796,UDP,4304,8911,195,55095,49893,2,149,227.41,Suspicious Traffic,1
0.472,TCP,52,75,1,53886,53,1,121,116.84,Port Scan,1
0.917,TCP,776,252,12,6527,21,7,44,39.02,Brute Force,1
3.73,UDP,1036,6242,16,30083,80,0,3,5.85,Normal,0
14.668,TCP,6720,5192,187,14045,45136,3,39,208.36,Suspicious Traffic,1
0.645,UDP,1294,6024,17,34151,8080,0,4,9.05,Normal,0
1.752,TCP,1349,4669,12,49969,80,0,8,5.61,Normal,0
0.85,TCP,1248,4674,36,37761,53,0,10,6.98,Normal,0
4.2,UDP,990,4930,28,31581,80,0,3,8.83,Normal,0
0.303,TCP,315,148,11,31368,22,27,64,92.4,Brute Force,1
0.061,UDP,773,9,671,8644,80,0,479,514.48,DoS,1
0.653,UDP,936,4355,37,12985,80,0,3,6.69,Normal,0
0.858,TCP,558,321,16,39766,22,13,65,43.85,Brute Force,1
1.631,TCP,1893,5427,26,51272,443,0,4,3.01,Normal,0
1.929,TCP,1207,3697,18,15280,53,0,5,10.96,Normal,0
4.055,TCP,1593,4416,30,58513,443,0,6,3.25,Normal,0
2.427,TCP,1097,5543,32,45647,443,0,1,12.15,Normal,0
7.211,TCP,1236,6344,26,49397,443,0,9,7.29,Normal,0
3.483,TCP,1088,4155,17,25883,53,0,3,5.48,Normal,0
1.85,TCP,92,4210,21,10227,53,0,6,11.1,Normal,0
0.972,TCP,1086,6790,18,55765,443,0,4,13.94,Normal,0
0.04,UDP,513,46,565,14081,80,0,568,641.31,DoS,1
8.537,TCP,4276,3829,47,65202,443,1,53,114.44,Bot Activity,1
2.438,UDP,1010,2394,30,18022,8080,0,2,13.09,Normal,0
0.067,TCP,1013,55,663,33130,443,0,530,2799.51,DoS,1
0.088,ICMP,629,55,613,38950,443,0,230,2089.59,DoS,1
0.904,ICMP,1045,2898,40,23887,8080,0,3,4.02,Normal,0
11.361,TCP,2137,14294,189,46050,54509,5,30,126.49,Suspicious Traffic,1
5.381,TCP,2916,5901,86,12197,80,0,21,46.28,Bot Activity,1
0.999,TCP,420,5324,31,63262,8080,0,4,3.18,Normal,0
0.843,TCP,1510,5368,36,38296,443,0,5,11.99,Normal,0
0.804,TCP,1172,4898,29,29458,53,0,3,3.79,Normal,0
0.027,TCP,41,36,2,39459,21,0,162,82.18,Port Scan,1
1.022,UDP,1232,4404,17,23450,53,0,1,3.35,Normal,0
13.884,ICMP,14786,25115,89,51711,13810,1,71,101.04,Suspicious Traffic,1
4.005,TCP,532,4818,31,17947,443,0,6,8.74,Normal,0
0.012,UDP,866,14,219,3085,80,0,440,2640.79,DoS,1
0.81,TCP,345,386,9,34909,21,14,59,56.16,Brute Force,1
7.83,TCP,1326,3140,40,32168,443,0,6,11.55,Normal,0
0.682,UDP,1054,4162,23,22192,53,0,1,3.9,Normal,0
1.902,TCP,1377,3208,22,44167,80,0,6,12.61,Normal,0
0.031,TCP,1380,21,112,7880,53,0,579,789.69,DoS,1
0.016,TCP,1199,51,911,24544,80,0,597,2966.8,DoS,1
4.01,TCP,1264,5079,25,11428,8080,0,5,5.62,Normal,0
4.889,TCP,1369,3432,22,23089,80,0,3,4.53,Normal,0
0.103,TCP,357,129,9,24487,3389,26,29,80.96,Brute Force,1
1.545,TCP,397,5523,24,11690,8080,0,3,8.99,Normal,0
3.726,TCP,1394,6801,26,50311,80,0,8,3.6,Normal,0
0.961,TCP,786,128,13,41435,445,21,77,29.46,Brute Force,1
5.168,TCP,2091,6180,33,39925,8080,0,2,7.95,Normal,0
0.587,UDP,1674,3492,12,32061,443,0,8,2.78,Normal,0
0.807,TCP,450,256,13,25484,3389,15,29,46.83,Brute Force,1
0.447,TCP,1297,6240,18,32649,8080,0,3,1.22,Normal,0
0.318,TCP,78,8,1,58751,21,4,81,107.78,Port Scan,1
10.916,TCP,1348,6321,21,51040,80,0,3,7.89,Normal,0
9.14,TCP,2081,3726,65,51754,443,1,20,66.39,Bot Activity,1
9.563,TCP,3457,5811,43,63545,8080,1,17,53.76,Bot Activity,1
1.318,UDP,855,5833,42,27288,80,0,5,7.96,Normal,0
3.476,TCP,1179,3108,26,11929,53,0,3,9.97,Normal,0
8.448,UDP,1319,3796,37,64282,443,0,2,12.21,Normal,0
2.811,UDP,974,4143,18,38248,443,0,4,10.12,Normal,0
13.563,ICMP,251,11381,130,22858,51680,4,133,198.75,Suspicious Traffic,1
0.318,TCP,1355,4319,20,63933,80,0,9,2.66,Normal,0
2.895,UDP,1501,3655,27,21293,443,0,1,7.25,Normal,0
2.508,TCP,1699,2859,33,31087,8080,0,1,14.4,Normal,0
0.215,UDP,99,64,1,34832,21,1,170,123.84,Port Scan,1
6.173,TCP,2736,4516,50,58890,80,0,18,62.35,Bot Activity,1
1.223,TCP,759,4867,21,20769,53,0,4,8.29,Normal,0
0.84,TCP,1119,2637,33,16503,443,0,3,12.13,Normal,0
8.169,ICMP,18933,11993,113,48481,16039,1,19,112.82,Suspicious Traffic,1
7.072,ICMP,14022,19921,106,11126,44874,4,74,10.35,Suspicious Traffic,1
1.65,UDP,940,5072,30,37420,53,1,4,11.15,Normal,0
2.147,TCP,1772,5173,21,11466,53,0,1,1.32,Normal,0
1.303,TCP,1184,4904,14,37058,8080,0,1,2.63,Normal,0
1.125,TCP,1071,5058,20,60848,8080,0,5,5.44,Normal,0
0.293,TCP,670,5517,27,55508,8080,0,3,12.97,Normal,0
1.386,TCP,762,5246,40,51032,80,0,6,10.95,Normal,0
16.027,UDP,1247,2959,32,21888,443,0,3,10.77,Normal,0
0.186,TCP,1731,5608,48,22462,53,0,2,3.18,Normal,0
3.22,TCP,756,3678,37,48890,8080,0,6,7.57,Normal,0
4.656,TCP,520,4198,25,36028,80,0,5,8.93,Normal,0
0.271,TCP,51,56,2,49216,80,1,62,197.34,Port Scan,1
0.743,TCP,979,4746,34,15553,443,0,1,5.31,Normal,0
0.162,TCP,732,316,11,25216,3389,13,63,73.61,Brute Force,1
1.683,TCP,1276,2800,34,23297,80,0,1,8.48,Normal,0
4.914,TCP,3825,5556,71,50287,443,0,26,82.57,Bot Activity,1
0.072,TCP,430,48,933,60963,80,0,370,2497.73,DoS,1
5.876,TCP,1545,6875,21,43333,443,0,12,9.6,Normal,0
0.095,TCP,764,17,470,13343,80,0,836,1562.47,DoS,1
4.845,TCP,1078,5004,16,14868,53,0,1,13.33,Normal,0
0.066,TCP,805,37,958,23280,443,0,975,2618.33,DoS,1
1.339,TCP,362,5201,24,43888,443,0,2,9.0,Normal,0
0.292,TCP,1324,4657,19,19700,53,0,2,12.64,Normal,0
0.038,TCP,375,27,347,54848,443,0,339,896.17,DoS,1
